Name,Designer,Owner,Series start date,End date,Number of units (5th percentile),Number of units (median),Number of units (95th percentile),H100e (5th percentile),H100e (median),H100e (95th percentile),Power (MW) (5th percentile),Power (MW) (median),Power (MW) (95th percentile),Cost (USD) (5th percentile),Cost (USD) (median),Cost (USD) (95th percentile),Incomplete,Source,Notes
Meta AMD cumulative Q1 2024 through Q1 2024,AMD,Meta,2024-01-01,2024-03-31,8899.0,13354,20010.0,11759.0,17644,26439.0,6.674,10.015,15.007,111238810.0,166919541.0,250118937.0,,,Generated on 2026-09-24 17:33
Microsoft AMD cumulative Q1 2024 through Q1 2024,AMD,Microsoft,2024-01-01,2024-03-31,5708.0,8414,12497.0,7542.0,11118,16512.0,4.281,6.311,9.373,71352330.0,105177052.0,156209947.0,,,Generated on 2026-09-24 17:33
Oracle AMD cumulative Q1 2024 through Q1 2024,AMD,Oracle,2024-01-01,2024-03-31,2304.0,3376,4943.0,3044.0,4460,6532.0,1.728,2.532,3.708,28801454.0,42194009.0,61792310.0,,,Generated on 2026-09-24 17:33
Other AMD cumulative Q1 2024 through Q1 2024,AMD,Other,2024-01-01,2024-03-31,31182.0,43136,57818.0,14156.0,21375,30496.0,17.946,24.799,33.137,318327526.0,442411131.0,592664119.0,,,"Excludes Microsoft, Meta, Oracle, China. Generated on 2026-09-24 17:33"
Meta AMD cumulative Q1 2024 through Q2 2024,AMD,Meta,2024-01-01,2024-06-30,32139.0,44846,61795.0,42466.0,59256,81651.0,24.104,33.635,46.346,401739470.0,560577547.0,772431589.0,,,Generated on 2026-09-24 17:33
Microsoft AMD cumulative Q1 2024 through Q2 2024,AMD,Microsoft,2024-01-01,2024-06-30,20962.0,28349,38099.0,27698.0,37458,50342.0,15.722,21.261,28.574,262026011.0,354357778.0,476241613.0,,,Generated on 2026-09-24 17:33
Oracle AMD cumulative Q1 2024 through Q2 2024,AMD,Oracle,2024-01-01,2024-06-30,8382.0,11338,15302.0,11075.0,14981,20219.0,6.286,8.503,11.477,104771320.0,141722764.0,191280262.0,,,Generated on 2026-09-24 17:33
Other AMD cumulative Q1 2024 through Q2 2024,AMD,Other,2024-01-01,2024-06-30,61332.0,81936,105178.0,42311.0,61605,83534.0,38.858,52.366,67.608,623931118.0,849199782.0,1101004042.0,,,"Excludes Microsoft, Meta, Oracle, China. Generated on 2026-09-24 17:33"
Meta AMD cumulative Q1 2024 through Q3 2024,AMD,Meta,2024-01-01,2024-09-30,60415.0,81805,110745.0,79828.0,108091,146331.0,45.312,61.354,83.059,755193194.0,1022566755.0,1384318270.0,,,Generated on 2026-09-24 17:33
Microsoft AMD cumulative Q1 2024 through Q3 2024,AMD,Microsoft,2024-01-01,2024-09-30,39102.0,51670,68147.0,51666.0,68273,90044.0,29.326,38.752,51.11,488773158.0,645872544.0,851839697.0,,,Generated on 2026-09-24 17:33
Oracle AMD cumulative Q1 2024 through Q3 2024,AMD,Oracle,2024-01-01,2024-09-30,15721.0,20679,27307.0,20772.0,27324,36082.0,11.791,15.509,20.48,196509434.0,258490920.0,341340301.0,,,Generated on 2026-09-24 17:33
Other AMD cumulative Q1 2024 through Q3 2024,AMD,Other,2024-01-01,2024-09-30,123258.0,154914,190222.0,105135.0,138674,176559.0,84.098,106.261,131.107,1150219534.0,1497785143.0,1884728093.0,,,"Excludes Microsoft, Meta, Oracle, China. Generated on 2026-09-24 17:33"
Meta AMD cumulative Q1 2024 through Q4 2024,AMD,Meta,2024-01-01,2024-12-31,94274.0,126948,170503.0,124567.0,167740,225289.0,70.706,95.211,127.877,1178431228.0,1586852850.0,2131285391.0,,,Generated on 2026-09-24 17:33
Microsoft AMD cumulative Q1 2024 through Q4 2024,AMD,Microsoft,2024-01-01,2024-12-31,61176.0,80205,104277.0,80833.0,105976,137783.0,45.882,60.154,78.208,764694077.0,1002558613.0,1303460240.0,,,Generated on 2026-09-24 17:33
Oracle AMD cumulative Q1 2024 through Q4 2024,AMD,Oracle,2024-01-01,2024-12-31,24523.0,32106,41777.0,32403.0,42422,55201.0,18.393,24.079,31.333,306542319.0,401322887.0,522209155.0,,,Generated on 2026-09-24 17:33
Other AMD cumulative Q1 2024 through Q4 2024,AMD,Other,2024-01-01,2024-12-31,196104.0,241331,291656.0,179841.0,231148,287083.0,138.0,170.779,206.996,1760223412.0,2263218495.0,2813117432.0,,,"Excludes Microsoft, Meta, Oracle, China. Generated on 2026-09-24 17:33"
Meta AMD cumulative Q1 2024 through Q1 2025,AMD,Meta,2024-01-01,2025-03-31,130631.0,178436,241778.0,172542.0,235689,319335.0,100.481,137.381,186.28,1657322563.0,2266417104.0,3069772202.0,,,Generated on 2026-09-24 17:33
Microsoft AMD cumulative Q1 2024 through Q1 2025,AMD,Microsoft,2024-01-01,2025-03-31,80505.0,107795,145637.0,106355.0,142374,192342.0,61.657,82.81,112.287,1018521581.0,1367093852.0,1851136685.0,,,Generated on 2026-09-24 17:33
Oracle AMD cumulative Q1 2024 through Q1 2025,AMD,Oracle,2024-01-01,2025-03-31,31618.0,44233,64151.0,41765.0,58421,84713.0,24.161,34.012,49.799,399892151.0,561324276.0,818747499.0,,,Generated on 2026-09-24 17:33
Other AMD cumulative Q1 2024 through Q1 2025,AMD,Other,2024-01-01,2025-03-31,210232.0,272895,340906.0,195858.0,271312,350684.0,148.956,196.308,247.773,1912503510.0,2649569128.0,3441138375.0,,,"Excludes Microsoft, Meta, Oracle, China. Generated on 2026-09-24 17:33"
Meta AMD cumulative Q1 2024 through Q2 2025,AMD,Meta,2024-01-01,2025-06-30,154764.0,211937,286979.0,205698.0,281457,381136.0,120.737,165.835,225.927,1994315578.0,2732605498.0,3713174016.0,,,Generated on 2026-09-24 17:33
Microsoft AMD cumulative Q1 2024 through Q2 2025,AMD,Microsoft,2024-01-01,2025-06-30,92890.0,125769,171217.0,123259.0,167062,227335.0,72.107,98.041,134.333,1190354769.0,1617528854.0,2209866093.0,,,Generated on 2026-09-24 17:33
Oracle AMD cumulative Q1 2024 through Q2 2025,AMD,Oracle,2024-01-01,2025-06-30,36604.0,52420,77994.0,48517.0,69703,103635.0,28.362,40.989,61.853,469108745.0,675885902.0,1014953954.0,,,Generated on 2026-09-24 17:33
Other AMD cumulative Q1 2024 through Q2 2025,AMD,Other,2024-01-01,2025-06-30,217119.0,290169,368618.0,204085.0,294856,390622.0,153.854,210.584,271.258,1987543688.0,2885229385.0,3827052618.0,,,"Excludes Microsoft, Meta, Oracle, China. Generated on 2026-09-24 17:33"
Meta AMD cumulative Q1 2024 through Q3 2025,AMD,Meta,2024-01-01,2025-09-30,191612.0,260845,353914.0,272151.0,368711,498162.0,155.651,212.332,287.939,2669396817.0,3623655975.0,4896453323.0,,,Generated on 2026-09-24 17:33
Microsoft AMD cumulative Q1 2024 through Q3 2025,AMD,Microsoft,2024-01-01,2025-09-30,111801.0,152652,208881.0,157286.0,214578,293261.0,89.964,123.268,169.966,1537756141.0,2100090705.0,2887252003.0,,,Generated on 2026-09-24 17:33
Oracle AMD cumulative Q1 2024 through Q3 2025,AMD,Oracle,2024-01-01,2025-09-30,44081.0,64468,97480.0,61489.0,91010,138377.0,35.211,52.269,80.193,598781822.0,893162385.0,1365581457.0,,,Generated on 2026-09-24 17:33
Other AMD cumulative Q1 2024 through Q3 2025,AMD,Other,2024-01-01,2025-09-30,225557.0,315890,409406.0,217558.0,340764,464256.0,161.967,235.424,309.991,2114045851.0,3354228723.0,4576102247.0,,,"Excludes Microsoft, Meta, Oracle, China. Generated on 2026-09-24 17:33"
China AMD cumulative Q1 2024 through Q4 2025,AMD,China,2024-01-01,2025-12-31,25910.0,31784,39002.0,8559.0,10499,12883.0,19.433,23.838,29.251,310920977.0,381406400.0,468022424.0,,,Generated on 2026-09-24 17:33
Meta AMD cumulative Q1 2024 through Q4 2025,AMD,Meta,2024-01-01,2025-12-31,224631.0,302472,407135.0,343083.0,458377,614314.0,192.991,259.41,349.068,3407815496.0,4560313718.0,6114047075.0,,,Generated on 2026-09-24 17:33
Microsoft AMD cumulative Q1 2024 through Q4 2025,AMD,Microsoft,2024-01-01,2025-12-31,129037.0,175393,239718.0,194063.0,263963,359695.0,109.258,148.953,204.327,1922556174.0,2616483683.0,3583720880.0,,,Generated on 2026-09-24 17:33
Oracle AMD cumulative Q1 2024 through Q4 2025,AMD,Oracle,2024-01-01,2025-12-31,50185.0,74548,112834.0,74662.0,112820,173748.0,42.177,63.674,98.052,738148633.0,1120983217.0,1737690266.0,,,Generated on 2026-09-24 17:33
Other AMD cumulative Q1 2024 through Q4 2025,AMD,Other,2024-01-01,2025-12-31,233121.0,337301,442744.0,232094.0,388464,539425.0,169.533,259.935,348.296,2262759178.0,3856948210.0,5362003843.0,,,"Excludes Microsoft, Meta, Oracle, China. Generated on 2026-09-24 17:33"
Amazon Amazon cumulative Q1 2024 through Q1 2024,Amazon,Amazon,2024-01-01,2024-03-31,62977.0,125513,265016.0,18426.0,32836,62884.0,21.275,40.46,82.399,,,,,,Generated on 2026-09-24 17:33
Amazon Amazon cumulative Q1 2024 through Q2 2024,Amazon,Amazon,2024-01-01,2024-06-30,143179.0,270424,549213.0,47616.0,78231,138875.0,51.072,90.319,174.46,,,,,,Generated on 2026-09-24 17:33
Amazon Amazon cumulative Q1 2024 through Q3 2024,Amazon,Amazon,2024-01-01,2024-09-30,265876.0,461032,881871.0,101612.0,154207,246659.0,101.599,163.465,291.538,,,,,,Generated on 2026-09-24 17:33
Amazon Amazon cumulative Q1 2024 through Q4 2024,Amazon,Amazon,2024-01-01,2024-12-31,489708.0,766740,1333607.0,212810.0,306331,438613.0,198.985,294.732,466.954,,,,,,Generated on 2026-09-24 17:33
Amazon Amazon cumulative Q1 2024 through Q1 2025,Amazon,Amazon,2024-01-01,2025-03-31,707123.0,981511,1544447.0,357295.0,445742,576176.0,307.937,400.999,572.688,,,,,,Generated on 2026-09-24 17:33
Amazon Amazon cumulative Q1 2024 through Q2 2025,Amazon,Amazon,2024-01-01,2025-06-30,953421.0,1226824,1792386.0,520166.0,608628,738598.0,432.453,524.512,698.087,,,,,,Generated on 2026-09-24 17:33
Amazon Amazon cumulative Q1 2024 through Q3 2025,Amazon,Amazon,2024-01-01,2025-09-30,1237506.0,1517200,2078956.0,701271.0,799374,933147.0,571.481,669.925,843.262,,,,,,Generated on 2026-09-24 17:33
Amazon Amazon cumulative Q1 2024 through Q4 2025,Amazon,Amazon,2024-01-01,2025-12-31,1559233.0,1856964,2421792.0,907526.0,1020728,1164343.0,730.061,840.047,1016.39,,,,,,Generated on 2026-09-24 17:33
China Cambricon cumulative Q1 2024 through Q1 2024,Cambricon,China,2024-01-01,2024-03-31,525.0,547,591.0,136.0,142,153.0,0.105,0.109,0.118,,,,,,Quarterly allocation proportional to reported quarterly revenue; estimates generated from Cambricon methodology
China Cambricon cumulative Q1 2024 through Q2 2024,Cambricon,China,2024-01-01,2024-06-30,1324.0,1379,1490.0,343.0,357,386.0,0.265,0.276,0.298,,,,,,Quarterly allocation proportional to reported quarterly revenue; estimates generated from Cambricon methodology
China Cambricon cumulative Q1 2024 through Q3 2024,Cambricon,China,2024-01-01,2024-09-30,3786.0,3944,4260.0,980.0,1020,1102.0,0.757,0.789,0.852,,,,,,Quarterly allocation proportional to reported quarterly revenue; estimates generated from Cambricon methodology
China Cambricon cumulative Q1 2024 through Q4 2024,Cambricon,China,2024-01-01,2024-12-31,24000.0,25000,27000.0,6209.0,6468,6985.0,4.8,5.0,5.4,,,,,,Quarterly allocation proportional to reported quarterly revenue; estimates generated from Cambricon methodology
China Cambricon cumulative Q1 2024 through Q1 2025,Cambricon,China,2024-01-01,2025-03-31,41106.0,43817,52659.0,10634.0,11335,13623.0,8.221,8.763,10.532,,,,,,Quarterly allocation proportional to reported quarterly revenue; estimates generated from Cambricon methodology
China Cambricon cumulative Q1 2024 through Q2 2025,Cambricon,China,2024-01-01,2025-06-30,68336.0,73770,93504.0,17681.0,19084,24190.0,13.667,14.754,18.701,,,,,,Quarterly allocation proportional to reported quarterly revenue; estimates generated from Cambricon methodology
China Cambricon cumulative Q1 2024 through Q3 2025,Cambricon,China,2024-01-01,2025-09-30,94914.0,103005,133370.0,24556.0,26647,34503.0,18.983,20.601,26.674,,,,,,Quarterly allocation proportional to reported quarterly revenue; estimates generated from Cambricon methodology
China Cambricon cumulative Q1 2024 through Q4 2025,Cambricon,China,2024-01-01,2025-12-31,124000.0,135000,177000.0,32079.0,34925,45788.0,24.8,27.0,35.4,,,,,,Quarterly allocation proportional to reported quarterly revenue; estimates generated from Cambricon methodology
Google Google cumulative Q4 2022 through Q4 2022,Google,Google,2022-10-01,2022-12-31,78992.0,103395,131858.0,10574.0,13890,17717.0,22.753,29.818,38.296,243368863.0,319090466.0,407685266.0,,,Based on Broadcom fiscal quarters. Generated on 2026-09-24 17:32
Google Google cumulative Q4 2022 through Q1 2023,Google,Google,2022-10-01,2023-03-31,209891.0,272612,343726.0,30128.0,39082,49314.0,62.199,81.256,103.165,661101999.0,860381361.0,1088914905.0,,,Based on Broadcom fiscal quarters. Generated on 2026-09-24 17:32
Google Google cumulative Q4 2022 through Q2 2023,Google,Google,2022-10-01,2023-06-30,359105.0,461699,577648.0,55982.0,72457,91058.0,101.797,131.642,165.276,1105899635.0,1426006446.0,1788300623.0,,,Based on Broadcom fiscal quarters. Generated on 2026-09-24 17:32
Google Google cumulative Q4 2022 through Q3 2023,Google,Google,2022-10-01,2023-09-30,557019.0,723519,905857.0,94714.0,123591,156451.0,148.621,192.029,240.23,1665575518.0,2159339313.0,2701490849.0,,,Based on Broadcom fiscal quarters. Generated on 2026-09-24 17:32
Google Google cumulative Q4 2022 through Q4 2023,Google,Google,2022-10-01,2023-12-31,860675.0,1125735,1421548.0,157861.0,207435,263699.0,221.425,287.559,360.175,2554828223.0,3323931107.0,4179961749.0,,,Based on Broadcom fiscal quarters. Generated on 2026-09-24 17:32
Google Google cumulative Q4 2022 through Q1 2024,Google,Google,2022-10-01,2024-03-31,1241353.0,1630958,2061693.0,252462.0,330164,415000.0,330.915,427.043,533.94,3851886013.0,4992686992.0,6255724607.0,,,Based on Broadcom fiscal quarters. Generated on 2026-09-24 17:32
Google Google cumulative Q4 2022 through Q2 2024,Google,Google,2022-10-01,2024-06-30,1646751.0,2155648,2716785.0,365087.0,473283,590302.0,461.081,591.136,733.582,5367354482.0,6924268214.0,8623653944.0,,,Based on Broadcom fiscal quarters. Generated on 2026-09-24 17:32
Google Google cumulative Q4 2022 through Q3 2024,Google,Google,2022-10-01,2024-09-30,2084157.0,2718174,3420621.0,515443.0,659794,814329.0,607.113,775.886,953.531,7077449490.0,9078515215.0,11200601020.0,,,Based on Broadcom fiscal quarters. Generated on 2026-09-24 17:32
Google Google cumulative Q4 2022 through Q4 2024,Google,Google,2022-10-01,2024-12-31,2579490.0,3335680,4166931.0,747173.0,947406,1152508.0,775.787,985.89,1205.508,9000002231.0,11476538771.0,14080958069.0,,,Based on Broadcom fiscal quarters. Generated on 2026-09-24 17:32
Google Google cumulative Q4 2022 through Q1 2025,Google,Google,2022-10-01,2025-03-31,3090291.0,3933005,4864818.0,1113257.0,1394058,1676878.0,965.119,1215.688,1473.021,11136063357.0,14040332881.0,17072099433.0,,,Based on Broadcom fiscal quarters. Generated on 2026-09-24 17:32
Google Google cumulative Q4 2022 through Q2 2025,Google,Google,2022-10-01,2025-06-30,3674823.0,4630037,5669644.0,1617844.0,2023650,2431414.0,1191.036,1484.845,1792.019,13606294294.0,17011088672.0,20564975188.0,,,Based on Broadcom fiscal quarters. Generated on 2026-09-24 17:32
Google Google cumulative Q4 2022 through Q3 2025,Google,Google,2022-10-01,2025-09-30,4330044.0,5423540,6592274.0,2261576.0,2832458,3386714.0,1461.114,1814.972,2175.772,16733063090.0,20810984338.0,24983383586.0,,,Based on Broadcom fiscal quarters. Generated on 2026-09-24 17:32
Google Google cumulative Q4 2022 through Q4 2025,Google,Google,2022-10-01,2025-12-31,4829685.0,6015479,7293762.0,2943126.0,3663628,4357512.0,1749.025,2159.098,2576.496,20489761410.0,25245389055.0,30106559170.0,,,Based on Broadcom fiscal quarters. Generated on 2026-09-24 17:32
Google Google cumulative Q4 2022 through Q1 2026,Google,Google,2022-10-01,2026-03-31,5188950.0,6472678,7815189.0,3651880.0,4515701,5357970.0,2040.0,2507.928,2984.568,24510897467.0,30133149634.0,35837541300.0,,,Based on Broadcom fiscal quarters. Generated on 2026-09-24 17:32
Google Google cumulative Q4 2022 through Q2 2026,Google,Google,2022-10-01,2026-06-30,5322601.0,6635025,8004385.0,3915339.0,4837124,5739552.0,2147.642,2642.204,3139.325,26076326798.0,32017901888.0,38017567081.0,true,,Based on Broadcom fiscal quarters. Generated on 2026-09-24 17:32
China Huawei cumulative Q1 2024 through Q1 2024,Huawei,China,2024-01-01,2024-03-31,,112500,,,45028,,,49.0,,1437500000.0,1750000000.0,2375000000.0,,, Cost interval summed from per-chip intervals.
China Huawei cumulative Q1 2024 through Q2 2024,Huawei,China,2024-01-01,2024-06-30,,225000,,,90056,,,98.0,,2875000000.0,3500000000.0,4750000000.0,,, Cost interval summed from per-chip intervals.
China Huawei cumulative Q1 2024 through Q3 2024,Huawei,China,2024-01-01,2024-09-30,,337500,,,135084,,,146.0,,4312500000.0,5250000000.0,7125000000.0,,, Cost interval summed from per-chip intervals.
China Huawei cumulative Q1 2024 through Q4 2024,Huawei,China,2024-01-01,2024-12-31,,450000,,,180112,,,195.0,,5750000000.0,7000000000.0,9500000000.0,,, Cost interval summed from per-chip intervals.
China Huawei cumulative Q1 2024 through Q1 2025,Huawei,China,2024-01-01,2025-03-31,,650000,,,312076,,,320.0,,8812500000.0,10750000000.0,13997500000.0,,, Cost interval summed from per-chip intervals.
China Huawei cumulative Q1 2024 through Q2 2025,Huawei,China,2024-01-01,2025-06-30,,850000,,,444040,,,445.0,,11875000000.0,14500000000.0,18495000000.0,,, Cost interval summed from per-chip intervals.
China Huawei cumulative Q1 2024 through Q3 2025,Huawei,China,2024-01-01,2025-09-30,,1050000,,,576004,,,570.0,,14937500000.0,18250000000.0,22992500000.0,,, Cost interval summed from per-chip intervals.
China Huawei cumulative Q1 2024 through Q4 2025,Huawei,China,2024-01-01,2025-12-31,,1250000,,,707968,,,695.0,,18000000000.0,22000000000.0,27490000000.0,,, Cost interval summed from per-chip intervals.
Amazon Nvidia cumulative Q1 2022 through Q1 2022,Nvidia,Amazon,2022-01-01,2022-03-31,10611.0,17885,30655.0,3346.0,5639,9666.0,4.244,7.154,12.262,127334097.0,214625292.0,367857145.0,,,Based on Nvidia fiscal quarters. Generated on 2026-09-24 17:33
China Nvidia cumulative Q1 2022 through Q1 2022,Nvidia,China,2022-01-01,2022-03-31,19345.0,29857,46305.0,6100.0,9414,14600.0,7.738,11.943,18.522,232136694.0,358287748.0,555659334.0,,,Based on Nvidia fiscal quarters. Generated on 2026-09-24 17:33
Google Nvidia cumulative Q1 2022 through Q1 2022,Nvidia,Google,2022-01-01,2022-03-31,10686.0,18078,30202.0,3370.0,5700,9523.0,4.275,7.231,12.081,128235688.0,216937090.0,362427058.0,,,Based on Nvidia fiscal quarters. Generated on 2026-09-24 17:33
Meta Nvidia cumulative Q1 2022 through Q1 2022,Nvidia,Meta,2022-01-01,2022-03-31,14505.0,24610,42530.0,4574.0,7760,13410.0,5.802,9.844,17.012,174064452.0,295322632.0,510364656.0,,,Based on Nvidia fiscal quarters. Generated on 2026-09-24 17:33
Microsoft Nvidia cumulative Q1 2022 through Q1 2022,Nvidia,Microsoft,2022-01-01,2022-03-31,27647.0,46840,79069.0,8718.0,14769,24931.0,11.059,18.736,31.628,331768325.0,562079597.0,948826307.0,,,Based on Nvidia fiscal quarters. Generated on 2026-09-24 17:33
Oracle Nvidia cumulative Q1 2022 through Q1 2022,Nvidia,Oracle,2022-01-01,2022-03-31,2393.0,5094,10910.0,755.0,1606,3440.0,0.957,2.037,4.364,28717921.0,61122356.0,130920221.0,,,Based on Nvidia fiscal quarters. Generated on 2026-09-24 17:33
Other Nvidia cumulative Q1 2022 through Q1 2022,Nvidia,Other,2022-01-01,2022-03-31,30261.0,55719,100315.0,9801.0,17812,31720.0,12.1,22.29,40.13,363132000.0,668628000.0,1203780000.0,,,"Excludes Microsoft, Meta, Amazon, Google, Oracle, China, xAI, CoreWeave. Generated on 2026-04-22 11:57 Converted from the percentile-only CSVs in owners_csv_export/. Cost interval summed from per-chip intervals."
Amazon Nvidia cumulative Q1 2022 through Q2 2022,Nvidia,Amazon,2022-01-01,2022-06-30,22794.0,37105,62249.0,7187.0,11700,19628.0,9.118,14.842,24.9,273533003.0,445256073.0,746987994.0,,,Based on Nvidia fiscal quarters. Generated on 2026-09-24 17:33
China Nvidia cumulative Q1 2022 through Q2 2022,Nvidia,China,2022-01-01,2022-06-30,40017.0,61763,95787.0,12618.0,19475,30203.0,16.007,24.705,38.315,480199825.0,741156906.0,1149441351.0,,,Based on Nvidia fiscal quarters. Generated on 2026-09-24 17:33
Google Nvidia cumulative Q1 2022 through Q2 2022,Nvidia,Google,2022-01-01,2022-06-30,22408.0,37219,61100.0,7066.0,11736,19265.0,8.963,14.888,24.44,268898714.0,446631199.0,733198728.0,,,Based on Nvidia fiscal quarters. Generated on 2026-09-24 17:33
Meta Nvidia cumulative Q1 2022 through Q2 2022,Nvidia,Meta,2022-01-01,2022-06-30,30524.0,51256,85992.0,9625.0,16162,27114.0,12.21,20.502,34.397,366287180.0,615074010.0,1031906108.0,,,Based on Nvidia fiscal quarters. Generated on 2026-09-24 17:33
Microsoft Nvidia cumulative Q1 2022 through Q2 2022,Nvidia,Microsoft,2022-01-01,2022-06-30,59043.0,97888,160682.0,18617.0,30865,50665.0,23.617,39.155,64.273,708516326.0,1174651664.0,1928180462.0,,,Based on Nvidia fiscal quarters. Generated on 2026-09-24 17:33
Oracle Nvidia cumulative Q1 2022 through Q2 2022,Nvidia,Oracle,2022-01-01,2022-06-30,5217.0,10723,22033.0,1645.0,3381,6947.0,2.087,4.289,8.813,62607092.0,128675677.0,264398758.0,,,Based on Nvidia fiscal quarters. Generated on 2026-09-24 17:33
Other Nvidia cumulative Q1 2022 through Q2 2022,Nvidia,Other,2022-01-01,2022-06-30,65267.0,115818,208839.0,20597.0,36718,66587.0,26.11,46.33,83.54,783204000.0,1389816000.0,2506068000.0,,,"Excludes Microsoft, Meta, Amazon, Google, Oracle, China, xAI, CoreWeave. Generated on 2026-04-22 11:57 Converted from the percentile-only CSVs in owners_csv_export/. Cost interval summed from per-chip intervals."
Amazon Nvidia cumulative Q1 2022 through Q3 2022,Nvidia,Amazon,2022-01-01,2022-09-30,34906.0,56140,92251.0,11294.0,18041,29599.0,14.081,22.611,37.078,424154793.0,680342854.0,1115704384.0,,,Based on Nvidia fiscal quarters. Generated on 2026-09-24 17:33
China Nvidia cumulative Q1 2022 through Q3 2022,Nvidia,China,2022-01-01,2022-09-30,47101.0,72697,112744.0,14851.0,22922,35549.0,18.84,29.079,45.098,565211140.0,872366290.0,1352930638.0,,,Based on Nvidia fiscal quarters. Generated on 2026-09-24 17:33
Google Nvidia cumulative Q1 2022 through Q3 2022,Nvidia,Google,2022-01-01,2022-09-30,34488.0,56194,91274.0,11132.0,18075,29327.0,13.905,22.628,36.74,418696154.0,681160976.0,1106327403.0,,,Based on Nvidia fiscal quarters. Generated on 2026-09-24 17:33
Meta Nvidia cumulative Q1 2022 through Q3 2022,Nvidia,Meta,2022-01-01,2022-09-30,46929.0,77013,127171.0,15132.0,24766,40871.0,18.91,31.006,51.222,570369557.0,933304625.0,1541583015.0,,,Based on Nvidia fiscal quarters. Generated on 2026-09-24 17:33
Microsoft Nvidia cumulative Q1 2022 through Q3 2022,Nvidia,Microsoft,2022-01-01,2022-09-30,90231.0,147835,241300.0,29042.0,47526,77528.0,36.356,59.553,97.157,1094100969.0,1792212658.0,2922929408.0,,,Based on Nvidia fiscal quarters. Generated on 2026-09-24 17:33
Oracle Nvidia cumulative Q1 2022 through Q3 2022,Nvidia,Oracle,2022-01-01,2022-09-30,8031.0,16239,32401.0,2578.0,5223,10392.0,3.236,6.537,13.037,97379947.0,196737351.0,392735195.0,,,Based on Nvidia fiscal quarters. Generated on 2026-09-24 17:33
Other Nvidia cumulative Q1 2022 through Q3 2022,Nvidia,Other,2022-01-01,2022-09-30,123583.0,200219,338006.0,40138.0,65544,107190.0,50.28,80.84,136.06,1494720000.0,2434704000.0,4124601000.0,,,"Excludes Microsoft, Meta, Amazon, Google, Oracle, China, xAI, CoreWeave. Generated on 2026-04-22 11:57 Converted from the percentile-only CSVs in owners_csv_export/. Cost interval summed from per-chip intervals."
Amazon Nvidia cumulative Q1 2022 through Q4 2022,Nvidia,Amazon,2022-01-01,2022-12-31,45064.0,70047,111985.0,16190.0,24717,38599.0,18.893,29.164,46.229,578374714.0,891154581.0,1407232702.0,,,Based on Nvidia fiscal quarters. Generated on 2026-09-24 17:33
China Nvidia cumulative Q1 2022 through Q4 2022,Nvidia,China,2022-01-01,2022-12-31,73002.0,101191,143981.0,23018.0,31907,45399.0,29.201,40.476,57.592,876018595.0,1214289474.0,1727772122.0,,,Based on Nvidia fiscal quarters. Generated on 2026-09-24 17:33
Google Nvidia cumulative Q1 2022 through Q4 2022,Nvidia,Google,2022-01-01,2022-12-31,44466.0,70060,111146.0,16145.0,24739,38304.0,18.639,29.193,45.919,572231940.0,891141114.0,1395909580.0,,,Based on Nvidia fiscal quarters. Generated on 2026-09-24 17:33
Meta Nvidia cumulative Q1 2022 through Q4 2022,Nvidia,Meta,2022-01-01,2022-12-31,60308.0,96089,154967.0,21828.0,33960,53583.0,25.341,40.056,64.128,776693735.0,1222555219.0,1949717346.0,,,Based on Nvidia fiscal quarters. Generated on 2026-09-24 17:33
Microsoft Nvidia cumulative Q1 2022 through Q4 2022,Nvidia,Microsoft,2022-01-01,2022-12-31,115824.0,184173,294335.0,41836.0,64869,101945.0,48.672,76.598,121.573,1491603029.0,2337795747.0,3701297993.0,,,Based on Nvidia fiscal quarters. Generated on 2026-09-24 17:33
Oracle Nvidia cumulative Q1 2022 through Q4 2022,Nvidia,Oracle,2022-01-01,2022-12-31,11145.0,21492,40822.0,4210.0,7842,14541.0,4.768,9.071,17.031,147021841.0,278539842.0,520741824.0,,,Based on Nvidia fiscal quarters. Generated on 2026-09-24 17:33
Other Nvidia cumulative Q1 2022 through Q4 2022,Nvidia,Other,2022-01-01,2022-12-31,165017.0,258884,409131.0,57760.0,90033,141264.0,69.75,107.7,167.62,2050252000.0,3270624000.0,5210108000.0,,,"Excludes Microsoft, Meta, Amazon, Google, Oracle, China, xAI, CoreWeave. Generated on 2026-04-22 11:57 Converted from the percentile-only CSVs in owners_csv_export/. Cost interval summed from per-chip intervals."
Amazon Nvidia cumulative Q1 2022 through Q1 2023,Nvidia,Amazon,2022-01-01,2023-03-31,54275.0,82174,127663.0,22324.0,32567,48476.0,23.976,35.818,54.659,749611162.0,1113211914.0,1689929967.0,,,Based on Nvidia fiscal quarters. Generated on 2026-09-24 17:33
China Nvidia cumulative Q1 2022 through Q1 2023,Nvidia,China,2022-01-01,2023-03-31,104737.0,138410,187143.0,37497.0,48732,64578.0,43.914,57.6,77.231,1378570016.0,1795159113.0,2391670338.0,,,Based on Nvidia fiscal quarters. Generated on 2026-09-24 17:33
CoreWeave Nvidia cumulative Q1 2023 through Q1 2023,Nvidia,CoreWeave,2023-01-01,2023-03-31,4611.0,4611,4611.0,4611.0,4611,4611.0,3.23,3.23,3.23,115275000.0,115275000.0,115275000.0,,,Generated on 2026-04-22 12:04 Converted from the percentile-only CSVs in owners_csv_export/coreweave/. Cost interval summed from per-chip intervals.
Google Nvidia cumulative Q1 2022 through Q1 2023,Nvidia,Google,2022-01-01,2023-03-31,53766.0,82120,126294.0,22232.0,32539,47957.0,23.823,35.732,53.968,746033397.0,1110725494.0,1668142674.0,,,Based on Nvidia fiscal quarters. Generated on 2026-09-24 17:33
Meta Nvidia cumulative Q1 2022 through Q1 2023,Nvidia,Meta,2022-01-01,2023-03-31,73158.0,112806,176621.0,30281.0,44786,67241.0,32.451,49.154,75.784,1015581917.0,1529077449.0,2335344804.0,,,Based on Nvidia fiscal quarters. Generated on 2026-09-24 17:33
Microsoft Nvidia cumulative Q1 2022 through Q1 2023,Nvidia,Microsoft,2022-01-01,2023-03-31,140308.0,215688,336310.0,57644.0,85346,128119.0,61.926,93.785,144.155,1938434261.0,2914188045.0,4454600140.0,,,Based on Nvidia fiscal quarters. Generated on 2026-09-24 17:33
Oracle Nvidia cumulative Q1 2022 through Q1 2023,Nvidia,Oracle,2022-01-01,2023-03-31,14574.0,26874,49046.0,6419.0,11350,19876.0,6.613,12.025,21.634,209011377.0,377453269.0,674530489.0,,,Based on Nvidia fiscal quarters. Generated on 2026-09-24 17:33
Other Nvidia cumulative Q1 2022 through Q1 2023,Nvidia,Other,2022-01-01,2023-03-31,192145.0,289475,445756.0,71927.0,110437,165945.0,84.33,123.85,187.01,2426972000.0,3795276000.0,5971120000.0,,,"Excludes Microsoft, Meta, Amazon, Google, Oracle, China, xAI, CoreWeave. Generated on 2026-04-22 11:57 Converted from the percentile-only CSVs in owners_csv_export/. Cost interval summed from per-chip intervals."
Amazon Nvidia cumulative Q1 2022 through Q2 2023,Nvidia,Amazon,2022-01-01,2023-06-30,71708.0,104782,156529.0,35941.0,50600,71196.0,34.611,49.616,72.24,1116250748.0,1593186589.0,2293551338.0,,,Based on Nvidia fiscal quarters. Generated on 2026-09-24 17:33
China Nvidia cumulative Q1 2022 through Q2 2023,Nvidia,China,2022-01-01,2023-06-30,154586.0,196998,253974.0,71698.0,89154,111264.0,71.915,90.637,114.887,2468793116.0,3072405762.0,3868438559.0,,,Based on Nvidia fiscal quarters. Generated on 2026-09-24 17:33
CoreWeave Nvidia cumulative Q1 2023 through Q2 2023,Nvidia,CoreWeave,2023-01-01,2023-06-30,12112.0,12112,12112.0,12112.0,12112,12112.0,8.48,8.48,8.48,302800000.0,302800000.0,302800000.0,,,Generated on 2026-04-22 12:04 Converted from the percentile-only CSVs in owners_csv_export/coreweave/. Cost interval summed from per-chip intervals.
Google Nvidia cumulative Q1 2022 through Q2 2023,Nvidia,Google,2022-01-01,2023-06-30,71345.0,104447,154205.0,35867.0,50483,70693.0,34.376,49.481,71.1,1107328681.0,1586468672.0,2268619920.0,,,Based on Nvidia fiscal quarters. Generated on 2026-09-24 17:33
Meta Nvidia cumulative Q1 2022 through Q2 2023,Nvidia,Meta,2022-01-01,2023-06-30,97631.0,144055,216455.0,49239.0,69485,98877.0,47.265,68.199,100.011,1527664078.0,2184717807.0,3188404623.0,,,Based on Nvidia fiscal quarters. Generated on 2026-09-24 17:33
Microsoft Nvidia cumulative Q1 2022 through Q2 2023,Nvidia,Microsoft,2022-01-01,2023-06-30,185256.0,274567,410951.0,93994.0,132543,188611.0,90.015,130.07,190.148,2909000546.0,4174941262.0,6049122462.0,,,Based on Nvidia fiscal quarters. Generated on 2026-09-24 17:33
Oracle Nvidia cumulative Q1 2022 through Q2 2023,Nvidia,Oracle,2022-01-01,2023-06-30,21091.0,36810,64233.0,11500.0,19084,31969.0,10.605,17.98,30.68,346808756.0,583794464.0,990981705.0,,,Based on Nvidia fiscal quarters. Generated on 2026-09-24 17:33
Other Nvidia cumulative Q1 2022 through Q2 2023,Nvidia,Other,2022-01-01,2023-06-30,243513.0,350732,513746.0,105401.0,156986,229765.0,114.5,160.66,226.99,3264967000.0,5025809000.0,7650499000.0,,,"Excludes Microsoft, Meta, Amazon, Google, Oracle, China, xAI, CoreWeave. Generated on 2026-04-22 11:57 Converted from the percentile-only CSVs in owners_csv_export/. Cost interval summed from per-chip intervals."
Amazon Nvidia cumulative Q1 2022 through Q3 2023,Nvidia,Amazon,2022-01-01,2023-09-30,96960.0,137390,198315.0,57977.0,79487,108615.0,50.869,70.904,99.666,1684730938.0,2336689498.0,3253608094.0,,,Based on Nvidia fiscal quarters. Generated on 2026-09-24 17:33
China Nvidia cumulative Q1 2022 through Q3 2023,Nvidia,China,2022-01-01,2023-09-30,226152.0,282237,353363.0,125912.0,154710,190160.0,114.59,141.73,175.632,4150102233.0,5117929182.0,6298650534.0,,,Based on Nvidia fiscal quarters. Generated on 2026-09-24 17:33
CoreWeave Nvidia cumulative Q1 2023 through Q3 2023,Nvidia,CoreWeave,2023-01-01,2023-09-30,24312.0,24312,24312.0,24312.0,24312,24312.0,17.02,17.02,17.02,607800000.0,607800000.0,607800000.0,,,Generated on 2026-04-22 12:04 Converted from the percentile-only CSVs in owners_csv_export/coreweave/. Cost interval summed from per-chip intervals.
Google Nvidia cumulative Q1 2022 through Q3 2023,Nvidia,Google,2022-01-01,2023-09-30,96473.0,137797,195699.0,58033.0,79607,108635.0,50.718,71.005,98.887,1683906243.0,2338045058.0,3241425601.0,,,Based on Nvidia fiscal quarters. Generated on 2026-09-24 17:33
Meta Nvidia cumulative Q1 2022 through Q3 2023,Nvidia,Meta,2022-01-01,2023-09-30,132964.0,189254,274899.0,79877.0,108867,150500.0,70.007,97.176,137.358,2325644288.0,3201926453.0,4503528299.0,,,Based on Nvidia fiscal quarters. Generated on 2026-09-24 17:33
Microsoft Nvidia cumulative Q1 2022 through Q3 2023,Nvidia,Microsoft,2022-01-01,2023-09-30,252237.0,361007,522630.0,151564.0,208155,287576.0,133.054,185.614,262.309,4413608968.0,6115123212.0,8596395781.0,,,Based on Nvidia fiscal quarters. Generated on 2026-09-24 17:33
Oracle Nvidia cumulative Q1 2022 through Q3 2023,Nvidia,Oracle,2022-01-01,2023-09-30,30549.0,50984,85646.0,19606.0,31634,52028.0,16.574,27.255,44.884,556561000.0,908428840.0,1491970140.0,,,Based on Nvidia fiscal quarters. Generated on 2026-09-24 17:33
Other Nvidia cumulative Q1 2022 through Q3 2023,Nvidia,Other,2022-01-01,2023-09-30,318557.0,439488,616857.0,158771.0,232789,333744.0,161.41,216.82,295.58,4567014000.0,6960557000.0,10544702000.0,,,"Excludes Microsoft, Meta, Amazon, Google, Oracle, China, xAI, CoreWeave. Generated on 2026-04-22 11:57 Converted from the percentile-only CSVs in owners_csv_export/. Cost interval summed from per-chip intervals."
Amazon Nvidia cumulative Q1 2022 through Q4 2023,Nvidia,Amazon,2022-01-01,2023-12-31,127230.0,176433,246983.0,86855.0,117031,157238.0,71.682,97.455,133.347,2421510771.0,3282984061.0,4462252649.0,,,Based on Nvidia fiscal quarters. Generated on 2026-09-24 17:33
China Nvidia cumulative Q1 2022 through Q4 2023,Nvidia,China,2022-01-01,2023-12-31,250535.0,311237,387641.0,144650.0,177663,217763.0,129.01,159.396,196.812,4739884326.0,5825114250.0,7151014192.0,,,Based on Nvidia fiscal quarters. Generated on 2026-09-24 17:33
CoreWeave Nvidia cumulative Q1 2023 through Q4 2023,Nvidia,CoreWeave,2023-01-01,2023-12-31,44157.0,44157,44157.0,44157.0,44157,44157.0,30.91,30.91,30.91,1103925000.0,1103925000.0,1103925000.0,,,Generated on 2026-04-22 12:04 Converted from the percentile-only CSVs in owners_csv_export/coreweave/. Cost interval summed from per-chip intervals.
Google Nvidia cumulative Q1 2022 through Q4 2023,Nvidia,Google,2022-01-01,2023-12-31,127007.0,177068,245601.0,86728.0,117444,158457.0,71.477,97.959,133.612,2415922251.0,3294851566.0,4471125256.0,,,Based on Nvidia fiscal quarters. Generated on 2026-09-24 17:33
Meta Nvidia cumulative Q1 2022 through Q4 2023,Nvidia,Meta,2022-01-01,2023-12-31,175295.0,243221,342889.0,120061.0,161382,218522.0,98.35,134.131,185.223,3334542108.0,4522588422.0,6206909162.0,,,Based on Nvidia fiscal quarters. Generated on 2026-09-24 17:33
Microsoft Nvidia cumulative Q1 2022 through Q4 2023,Nvidia,Microsoft,2022-01-01,2023-12-31,330451.0,463383,653048.0,227090.0,307857,417366.0,186.575,256.493,353.356,6323378272.0,8645275753.0,11815906216.0,,,Based on Nvidia fiscal quarters. Generated on 2026-09-24 17:33
Oracle Nvidia cumulative Q1 2022 through Q4 2023,Nvidia,Oracle,2022-01-01,2023-12-31,46589.0,74521,120251.0,35017.0,54643,85520.0,27.674,43.428,69.073,950185610.0,1486736986.0,2352015521.0,,,Based on Nvidia fiscal quarters. Generated on 2026-09-24 17:33
Other Nvidia cumulative Q1 2022 through Q4 2023,Nvidia,Other,2022-01-01,2023-12-31,452045.0,598832,797285.0,275801.0,387854,529857.0,249.5,326.76,424.75,7500506000.0,10798888000.0,15495577000.0,,,"Excludes Microsoft, Meta, Amazon, Google, Oracle, China, xAI, CoreWeave. Generated on 2026-04-22 11:57 Converted from the percentile-only CSVs in owners_csv_export/. Cost interval summed from per-chip intervals."
Amazon Nvidia cumulative Q1 2022 through Q1 2024,Nvidia,Amazon,2022-01-01,2024-03-31,166737.0,228052,312432.0,126063.0,168927,224947.0,98.795,133.726,179.82,3399455739.0,4578084583.0,6130068577.0,,,Based on Nvidia fiscal quarters. Generated on 2026-09-24 17:33
China Nvidia cumulative Q1 2022 through Q1 2024,Nvidia,China,2022-01-01,2024-03-31,366577.0,451712,556381.0,161990.0,198811,242673.0,175.394,215.595,263.698,6128182253.0,7513579214.0,9162326524.0,,,Based on Nvidia fiscal quarters. Generated on 2026-09-24 17:33
China (smuggled) Nvidia cumulative Q1 2024 through Q1 2024,Nvidia,China (smuggled),2024-01-01,2024-03-31,12080.0,29899,78880.0,11183.0,27761,72928.0,7.99,19.78,52.12,,,,,,"Ran 4/30/26. Estimates from Epoch AI Monte Carlo model of compute smuggled to China (diversion + resale, 60/40 weighted)."
CoreWeave Nvidia cumulative Q1 2023 through Q1 2024,Nvidia,CoreWeave,2023-01-01,2024-03-31,60979.0,71468,86873.0,60979.0,71468,86873.0,42.69,50.03,60.81,1524475000.0,1786700000.0,2171825000.0,,,Generated on 2026-04-22 12:04 Converted from the percentile-only CSVs in owners_csv_export/coreweave/. Cost interval summed from per-chip intervals.
Google Nvidia cumulative Q1 2022 through Q1 2024,Nvidia,Google,2022-01-01,2024-03-31,166651.0,228646,312544.0,126025.0,168549,225604.0,98.88,133.459,180.402,3392286573.0,4569715493.0,6158955405.0,,,Based on Nvidia fiscal quarters. Generated on 2026-09-24 17:33
Meta Nvidia cumulative Q1 2022 through Q1 2024,Nvidia,Meta,2022-01-01,2024-03-31,229597.0,314225,433770.0,173497.0,233152,311258.0,136.221,184.584,250.111,4670855442.0,6327544437.0,8505508005.0,,,Based on Nvidia fiscal quarters. Generated on 2026-09-24 17:33
Microsoft Nvidia cumulative Q1 2022 through Q1 2024,Nvidia,Microsoft,2022-01-01,2024-03-31,435356.0,598383,824134.0,329790.0,442129,592146.0,259.581,350.812,474.403,8925462639.0,12004904783.0,16140973060.0,,,Based on Nvidia fiscal quarters. Generated on 2026-09-24 17:33
Oracle Nvidia cumulative Q1 2022 through Q1 2024,Nvidia,Oracle,2022-01-01,2024-03-31,70560.0,108954,167931.0,58910.0,88506,134236.0,44.36,67.348,102.876,1544507921.0,2336400041.0,3563801793.0,,,Based on Nvidia fiscal quarters. Generated on 2026-09-24 17:33
Other Nvidia cumulative Q1 2022 through Q1 2024,Nvidia,Other,2022-01-01,2024-03-31,592969.0,768581,999350.0,402589.0,558179,764933.0,343.69,444.43,574.03,10637109000.0,15029641000.0,21234191000.0,,,"Excludes Microsoft, Meta, Amazon, Google, Oracle, China, xAI, CoreWeave. Generated on 2026-04-22 11:57 Converted from the percentile-only CSVs in owners_csv_export/. Cost interval summed from per-chip intervals."
Amazon Nvidia cumulative Q1 2022 through Q2 2024,Nvidia,Amazon,2022-01-01,2024-06-30,215291.0,291121,393088.0,173685.0,231843,305890.0,132.543,177.872,236.449,4598339990.0,6158057288.0,8142219914.0,,,Based on Nvidia fiscal quarters. Generated on 2026-09-24 17:33
China Nvidia cumulative Q1 2022 through Q2 2024,Nvidia,China,2022-01-01,2024-06-30,544984.0,676260,838775.0,189732.0,232471,283106.0,247.37,305.362,376.498,8288966412.0,10216215459.0,12498595334.0,,,Based on Nvidia fiscal quarters. Generated on 2026-09-24 17:33
China (smuggled) Nvidia cumulative Q1 2024 through Q2 2024,Nvidia,China (smuggled),2024-01-01,2024-06-30,27835.0,68896,181763.0,25768.0,63970,168047.0,18.42,45.58,120.09,,,,,,"Ran 4/30/26. Estimates from Epoch AI Monte Carlo model of compute smuggled to China (diversion + resale, 60/40 weighted)."
CoreWeave Nvidia cumulative Q1 2023 through Q2 2024,Nvidia,CoreWeave,2023-01-01,2024-06-30,96239.0,111466,128969.0,96239.0,111466,128969.0,67.37,78.03,90.28,2405975000.0,2786650000.0,3224225000.0,,,Generated on 2026-04-22 12:04 Converted from the percentile-only CSVs in owners_csv_export/coreweave/. Cost interval summed from per-chip intervals.
Google Nvidia cumulative Q1 2022 through Q2 2024,Nvidia,Google,2022-01-01,2024-06-30,215660.0,291352,393084.0,173763.0,231632,307657.0,132.754,177.688,237.297,4598404752.0,6144033830.0,8181465576.0,,,Based on Nvidia fiscal quarters. Generated on 2026-09-24 17:33
Meta Nvidia cumulative Q1 2022 through Q2 2024,Nvidia,Meta,2022-01-01,2024-06-30,295598.0,401357,547246.0,238892.0,319767,425870.0,182.065,245.051,328.78,6320010493.0,8485567702.0,11356463136.0,,,Based on Nvidia fiscal quarters. Generated on 2026-09-24 17:33
Microsoft Nvidia cumulative Q1 2022 through Q2 2024,Nvidia,Microsoft,2022-01-01,2024-06-30,562993.0,764423,1036584.0,456121.0,606713,807609.0,347.674,466.305,623.586,12026722818.0,16119745391.0,21513133149.0,,,Based on Nvidia fiscal quarters. Generated on 2026-09-24 17:33
Oracle Nvidia cumulative Q1 2022 through Q2 2024,Nvidia,Oracle,2022-01-01,2024-06-30,100118.0,150441,227054.0,88037.0,130526,193838.0,65.107,96.673,144.412,2278876111.0,3383256643.0,5046441847.0,,,Based on Nvidia fiscal quarters. Generated on 2026-09-24 17:33
Other Nvidia cumulative Q1 2022 through Q2 2024,Nvidia,Other,2022-01-01,2024-06-30,726414.0,958654,1244130.0,535661.0,734948,1005553.0,431.2,575.03,751.83,13644274000.0,19659724000.0,27703325000.0,,,"Excludes Microsoft, Meta, Amazon, Google, Oracle, China, xAI, CoreWeave. Generated on 2026-04-22 11:57 Converted from the percentile-only CSVs in owners_csv_export/. Cost interval summed from per-chip intervals."
Amazon Nvidia cumulative Q1 2022 through Q3 2024,Nvidia,Amazon,2022-01-01,2024-09-30,273372.0,367788,493646.0,231884.0,308918,405725.0,173.442,231.772,306.47,6058673850.0,8081656963.0,10656317844.0,,,Based on Nvidia fiscal quarters. Generated on 2026-09-24 17:33
China Nvidia cumulative Q1 2022 through Q3 2024,Nvidia,China,2022-01-01,2024-09-30,758111.0,949364,1189709.0,222792.0,273417,333573.0,333.087,414.472,516.737,10892168969.0,13479207086.0,16702046993.0,,,Based on Nvidia fiscal quarters. Generated on 2026-09-24 17:33
China (smuggled) Nvidia cumulative Q1 2024 through Q3 2024,Nvidia,China (smuggled),2024-01-01,2024-09-30,46403.0,114855,303014.0,42957.0,106643,280148.0,30.7,75.98,200.2,,,,,,"Ran 4/30/26. Estimates from Epoch AI Monte Carlo model of compute smuggled to China (diversion + resale, 60/40 weighted)."
CoreWeave Nvidia cumulative Q1 2023 through Q3 2024,Nvidia,CoreWeave,2023-01-01,2024-09-30,149559.0,166849,182703.0,149559.0,166849,182703.0,104.69,116.79,127.89,3738975000.0,4171225000.0,4567575000.0,,,Generated on 2026-04-22 12:04 Converted from the percentile-only CSVs in owners_csv_export/coreweave/. Cost interval summed from per-chip intervals.
Google Nvidia cumulative Q1 2022 through Q3 2024,Nvidia,Google,2022-01-01,2024-09-30,275141.0,368434,493198.0,232768.0,308690,407716.0,174.085,231.784,307.079,6068708740.0,8081493742.0,10662219985.0,,,Based on Nvidia fiscal quarters. Generated on 2026-09-24 17:33
Meta Nvidia cumulative Q1 2022 through Q3 2024,Nvidia,Meta,2022-01-01,2024-09-30,377444.0,506936,681609.0,318444.0,425279,562658.0,238.786,319.245,425.444,8337189868.0,11122941388.0,14782688310.0,,,Based on Nvidia fiscal quarters. Generated on 2026-09-24 17:33
Microsoft Nvidia cumulative Q1 2022 through Q3 2024,Nvidia,Microsoft,2022-01-01,2024-09-30,718148.0,963229,1301512.0,612339.0,805946,1075458.0,456.278,606.476,812.208,15943515000.0,21120774682.0,28245637407.0,,,Based on Nvidia fiscal quarters. Generated on 2026-09-24 17:33
Oracle Nvidia cumulative Q1 2022 through Q3 2024,Nvidia,Oracle,2022-01-01,2024-09-30,135736.0,201631,299499.0,123695.0,181677,265503.0,89.686,132.372,194.399,3164773400.0,4662433975.0,6842181978.0,,,Based on Nvidia fiscal quarters. Generated on 2026-09-24 17:33
Other Nvidia cumulative Q1 2022 through Q3 2024,Nvidia,Other,2022-01-01,2024-09-30,783487.0,1068064,1423299.0,690461.0,954945,1314849.0,467.95,654.28,885.21,15010129000.0,22507610000.0,32324149000.0,,,"Excludes Microsoft, Meta, Amazon, Google, Oracle, China, xAI, CoreWeave. Generated on 2026-04-22 11:57 Converted from the percentile-only CSVs in owners_csv_export/. Cost interval summed from per-chip intervals."
xAI Nvidia cumulative Q1 2024 through Q3 2024,Nvidia,xAI,2024-01-01,2024-09-30,,100000,,,100000,,,70.0,,,2500000000.0,,,,"See Epoch's Frontier AI Data Centers data. Because this is based on deployed data centers, this is a lumpy and lagging estimate of delivered chips. Cost interval summed from per-chip intervals."
Amazon Nvidia cumulative Q1 2022 through Q4 2024,Nvidia,Amazon,2022-01-01,2024-12-31,357481.0,477489,632570.0,347749.0,458637,597209.0,242.84,321.246,422.289,8404824349.0,11115883539.0,14563814943.0,,,Based on Nvidia fiscal quarters. Generated on 2026-09-24 17:33
China Nvidia cumulative Q1 2022 through Q4 2024,Nvidia,China,2022-01-01,2024-12-31,1008414.0,1273811,1608134.0,261821.0,322257,395153.0,433.796,544.171,682.888,13899367714.0,17373085928.0,21700370308.0,,,Based on Nvidia fiscal quarters. Generated on 2026-09-24 17:33
China (smuggled) Nvidia cumulative Q1 2024 through Q4 2024,Nvidia,China (smuggled),2024-01-01,2024-12-31,69044.0,170895,450858.0,63917.0,158675,416836.0,45.68,113.05,297.88,,,,,,"Ran 4/30/26. Estimates from Epoch AI Monte Carlo model of compute smuggled to China (diversion + resale, 60/40 weighted)."
CoreWeave Nvidia cumulative Q1 2023 through Q4 2024,Nvidia,CoreWeave,2023-01-01,2024-12-31,241168.0,241168,241168.0,241168.0,241168,241168.0,168.82,168.82,168.82,6029200000.0,6029200000.0,6029200000.0,,,Generated on 2026-04-22 12:04 Converted from the percentile-only CSVs in owners_csv_export/coreweave/. Cost interval summed from per-chip intervals.
Google Nvidia cumulative Q1 2022 through Q4 2024,Nvidia,Google,2022-01-01,2024-12-31,346406.0,460834,612008.0,329468.0,434378,569105.0,232.475,307.273,404.147,8063475691.0,10648165619.0,13979920356.0,,,Based on Nvidia fiscal quarters. Generated on 2026-09-24 17:33
Meta Nvidia cumulative Q1 2022 through Q4 2024,Nvidia,Meta,2022-01-01,2024-12-31,479476.0,640356,853618.0,458678.0,606402,794350.0,322.306,428.096,562.498,11183360385.0,14832403081.0,19462518672.0,,,Based on Nvidia fiscal quarters. Generated on 2026-09-24 17:33
Microsoft Nvidia cumulative Q1 2022 through Q4 2024,Nvidia,Microsoft,2022-01-01,2024-12-31,902489.0,1203375,1617456.0,861675.0,1130364,1499322.0,605.538,801.048,1069.77,21003027929.0,27751806398.0,36988999320.0,,,Based on Nvidia fiscal quarters. Generated on 2026-09-24 17:33
Oracle Nvidia cumulative Q1 2022 through Q4 2024,Nvidia,Oracle,2022-01-01,2024-12-31,183387.0,265760,384566.0,188551.0,268780,380146.0,128.521,184.685,263.762,4483583688.0,6443811031.0,9198989031.0,,,Based on Nvidia fiscal quarters. Generated on 2026-09-24 17:33
Other Nvidia cumulative Q1 2022 through Q4 2024,Nvidia,Other,2022-01-01,2024-12-31,898365.0,1229624,1655298.0,720464.0,1076751,1569673.0,569.13,786.54,1071.78,17677807000.0,26898931000.0,40164735000.0,,,"Excludes Microsoft, Meta, Amazon, Google, Oracle, China, xAI, CoreWeave. Generated on 2026-04-22 11:57 Converted from the percentile-only CSVs in owners_csv_export/. Cost interval summed from per-chip intervals."
xAI Nvidia cumulative Q1 2024 through Q4 2024,Nvidia,xAI,2024-01-01,2024-12-31,,100000,,,100000,,,70.0,,,2500000000.0,,,,"See Epoch's Frontier AI Data Centers data. Because this is based on deployed data centers, this is a lumpy and lagging estimate of delivered chips. Cost interval summed from per-chip intervals."
Amazon Nvidia cumulative Q1 2022 through Q1 2025,Nvidia,Amazon,2022-01-01,2025-03-31,446806.0,590311,776485.0,517154.0,676865,875705.0,331.477,435.285,564.975,11259923375.0,14778785464.0,19192359511.0,,,Based on Nvidia fiscal quarters. Generated on 2026-09-24 17:33
China Nvidia cumulative Q1 2022 through Q1 2025,Nvidia,China,2022-01-01,2025-03-31,1288931.0,1635170,2078947.0,305154.0,376351,463784.0,545.921,689.454,871.199,17260459261.0,21715549948.0,27283953553.0,,,Based on Nvidia fiscal quarters. Generated on 2026-09-24 17:33
China (smuggled) Nvidia cumulative Q1 2024 through Q1 2025,Nvidia,China (smuggled),2024-01-01,2025-03-31,99872.0,229860,557157.0,107326.0,246884,591890.0,69.59,159.93,385.3,,,,,,"Ran 4/30/26. Estimates from Epoch AI Monte Carlo model of compute smuggled to China (diversion + resale, 60/40 weighted)."
CoreWeave Nvidia cumulative Q1 2023 through Q1 2025,Nvidia,CoreWeave,2023-01-01,2025-03-31,276655.0,277946,279064.0,288867.0,290713,292830.0,197.89,198.74,199.64,6948133000.0,7049087000.0,7148604000.0,,,Generated on 2026-04-22 12:04 Converted from the percentile-only CSVs in owners_csv_export/coreweave/. Cost interval summed from per-chip intervals.
Google Nvidia cumulative Q1 2022 through Q1 2025,Nvidia,Google,2022-01-01,2025-03-31,417918.0,553892,727721.0,468656.0,614137,800194.0,304.333,400.728,523.184,10382675360.0,13651530693.0,17798847231.0,,,Based on Nvidia fiscal quarters. Generated on 2026-09-24 17:33
Meta Nvidia cumulative Q1 2022 through Q1 2025,Nvidia,Meta,2022-01-01,2025-03-31,583765.0,774244,1023510.0,660426.0,864363,1123724.0,427.02,563.016,736.837,14556091676.0,19156260441.0,25071518622.0,,,Based on Nvidia fiscal quarters. Generated on 2026-09-24 17:33
Microsoft Nvidia cumulative Q1 2022 through Q1 2025,Nvidia,Microsoft,2022-01-01,2025-03-31,1079619.0,1422585,1899819.0,1192549.0,1554707,2048685.0,781.088,1021.986,1349.473,26680039056.0,34867573465.0,46074256303.0,,,Based on Nvidia fiscal quarters. Generated on 2026-09-24 17:33
Oracle Nvidia cumulative Q1 2022 through Q1 2025,Nvidia,Oracle,2022-01-01,2025-03-31,243731.0,343285,484632.0,307144.0,420934,579444.0,190.0,263.597,366.383,6452021362.0,8966082655.0,12503776156.0,,,Based on Nvidia fiscal quarters. Generated on 2026-09-24 17:33
Other Nvidia cumulative Q1 2022 through Q1 2025,Nvidia,Other,2022-01-01,2025-03-31,936818.0,1291680,1755293.0,829527.0,1299678,1952185.0,638.42,886.09,1205.07,18256974000.0,29593225000.0,45934243000.0,,,"Excludes Microsoft, Meta, Amazon, Google, Oracle, China, xAI, CoreWeave. Generated on 2026-04-22 11:57 Converted from the percentile-only CSVs in owners_csv_export/. Cost interval summed from per-chip intervals."
xAI Nvidia cumulative Q1 2024 through Q1 2025,Nvidia,xAI,2024-01-01,2025-03-31,,200000,,,200000,,,140.0,,,5000000000.0,,,,"See Epoch's Frontier AI Data Centers data. Because this is based on deployed data centers, this is a lumpy and lagging estimate of delivered chips. Cost interval summed from per-chip intervals."
Amazon Nvidia cumulative Q1 2022 through Q2 2025,Nvidia,Amazon,2022-01-01,2025-06-30,531774.0,697282,909127.0,696759.0,906478,1173286.0,425.307,554.987,719.311,14233905002.0,18568595102.0,24047893226.0,,,Based on Nvidia fiscal quarters. Generated on 2026-09-24 17:33
China Nvidia cumulative Q1 2022 through Q2 2025,Nvidia,China,2022-01-01,2025-06-30,1405910.0,1788217,2278966.0,322860.0,399156,493528.0,592.65,750.163,950.552,18679661261.0,23561692662.0,29649732283.0,,,Based on Nvidia fiscal quarters. Generated on 2026-09-24 17:33
China (smuggled) Nvidia cumulative Q1 2024 through Q2 2025,Nvidia,China (smuggled),2024-01-01,2025-06-30,145649.0,325198,761399.0,181535.0,411461,993050.0,107.29,240.13,566.77,,,,,,"Ran 4/30/26. Estimates from Epoch AI Monte Carlo model of compute smuggled to China (diversion + resale, 60/40 weighted)."
CoreWeave Nvidia cumulative Q1 2023 through Q2 2025,Nvidia,CoreWeave,2023-01-01,2025-06-30,301358.0,304242,307083.0,336712.0,341580,346855.0,222.68,225.22,227.85,7747737000.0,7899120000.0,8054948000.0,,,Generated on 2026-04-22 12:04 Converted from the percentile-only CSVs in owners_csv_export/coreweave/. Cost interval summed from per-chip intervals.
Google Nvidia cumulative Q1 2022 through Q2 2025,Nvidia,Google,2022-01-01,2025-06-30,487898.0,642386,840014.0,615371.0,801715,1038494.0,382.214,499.425,647.19,12856538896.0,16770793538.0,21736611173.0,,,Based on Nvidia fiscal quarters. Generated on 2026-09-24 17:33
Meta Nvidia cumulative Q1 2022 through Q2 2025,Nvidia,Meta,2022-01-01,2025-06-30,684273.0,902221,1183932.0,872115.0,1135383,1471298.0,539.218,704.846,916.445,18082524841.0,23639591681.0,30778583735.0,,,Based on Nvidia fiscal quarters. Generated on 2026-09-24 17:33
Microsoft Nvidia cumulative Q1 2022 through Q2 2025,Nvidia,Microsoft,2022-01-01,2025-06-30,1243200.0,1635033,2166494.0,1545542.0,2006379,2630301.0,966.954,1258.691,1654.579,32484564401.0,42307424415.0,55586472544.0,,,Based on Nvidia fiscal quarters. Generated on 2026-09-24 17:33
Oracle Nvidia cumulative Q1 2022 through Q2 2025,Nvidia,Oracle,2022-01-01,2025-06-30,306239.0,426369,591608.0,439186.0,596055,814974.0,259.865,355.363,487.524,8654024971.0,11876626686.0,16313924318.0,,,Based on Nvidia fiscal quarters. Generated on 2026-09-24 17:33
Other Nvidia cumulative Q1 2022 through Q2 2025,Nvidia,Other,2022-01-01,2025-06-30,1124307.0,1510213,2005509.0,1054253.0,1651333,2460488.0,852.57,1137.56,1493.05,23274364000.0,37405783000.0,57201098000.0,,,"Excludes Microsoft, Meta, Amazon, Google, Oracle, China, xAI, CoreWeave. Generated on 2026-04-22 11:57 Converted from the percentile-only CSVs in owners_csv_export/. Cost interval summed from per-chip intervals."
xAI Nvidia cumulative Q1 2024 through Q2 2025,Nvidia,xAI,2024-01-01,2025-06-30,,200000,,,200000,,,140.0,,,5000000000.0,,,,"See Epoch's Frontier AI Data Centers data. Because this is based on deployed data centers, this is a lumpy and lagging estimate of delivered chips. Cost interval summed from per-chip intervals."
Amazon Nvidia cumulative Q1 2022 through Q3 2025,Nvidia,Amazon,2022-01-01,2025-09-30,616936.0,807498,1049922.0,896720.0,1162406,1504299.0,532.402,691.907,894.205,17547918841.0,22847254506.0,29439609336.0,,,Based on Nvidia fiscal quarters. Generated on 2026-09-24 17:33
China Nvidia cumulative Q1 2022 through Q3 2025,Nvidia,China,2022-01-01,2025-09-30,1418911.0,1805354,2301735.0,324872.0,401698,496849.0,597.867,756.979,959.305,18835957293.0,23769102007.0,29922520074.0,,,Based on Nvidia fiscal quarters. Generated on 2026-09-24 17:33
China (smuggled) Nvidia cumulative Q1 2024 through Q3 2025,Nvidia,China (smuggled),2024-01-01,2025-09-30,183317.0,401801,924452.0,244493.0,547010,1310218.0,138.52,305.25,709.66,,,,,,"Ran 4/30/26. Estimates from Epoch AI Monte Carlo model of compute smuggled to China (diversion + resale, 60/40 weighted)."
CoreWeave Nvidia cumulative Q1 2023 through Q3 2025,Nvidia,CoreWeave,2023-01-01,2025-09-30,355476.0,362908,370901.0,454177.0,468554,483858.0,284.38,292.08,300.18,9143026000.0,10019794000.0,10841374000.0,,,Generated on 2026-04-22 12:04 Converted from the percentile-only CSVs in owners_csv_export/coreweave/. Cost interval summed from per-chip intervals.
Google Nvidia cumulative Q1 2022 through Q3 2025,Nvidia,Google,2022-01-01,2025-09-30,556961.0,731721,952882.0,777306.0,1010974,1304268.0,468.586,611.097,789.835,15523802402.0,20240352554.0,26175204430.0,,,Based on Nvidia fiscal quarters. Generated on 2026-09-24 17:33
Meta Nvidia cumulative Q1 2022 through Q3 2025,Nvidia,Meta,2022-01-01,2025-09-30,793920.0,1041263,1361797.0,1127761.0,1460836,1891703.0,674.139,878.601,1140.077,22309741461.0,29046828745.0,37639358393.0,,,Based on Nvidia fiscal quarters. Generated on 2026-09-24 17:33
Microsoft Nvidia cumulative Q1 2022 through Q3 2025,Nvidia,Microsoft,2022-01-01,2025-09-30,1422790.0,1863053,2453533.0,1961442.0,2540995,3302714.0,1188.196,1543.275,2013.296,39466368528.0,51181189510.0,66727644680.0,,,Based on Nvidia fiscal quarters. Generated on 2026-09-24 17:33
Oracle Nvidia cumulative Q1 2022 through Q3 2025,Nvidia,Oracle,2022-01-01,2025-09-30,375132.0,515374,706399.0,597304.0,803156,1079986.0,344.01,465.725,630.197,11293227434.0,15324320612.0,20758880029.0,,,Based on Nvidia fiscal quarters. Generated on 2026-09-24 17:33
Other Nvidia cumulative Q1 2022 through Q3 2025,Nvidia,Other,2022-01-01,2025-09-30,1267140.0,1667728,2175817.0,1456300.0,2230688,3220470.0,1032.15,1346.61,1729.22,26709788000.0,43717917000.0,67375075000.0,,,"Excludes Microsoft, Meta, Amazon, Google, Oracle, China, xAI, CoreWeave. Generated on 2026-04-22 11:57 Converted from the percentile-only CSVs in owners_csv_export/. Cost interval summed from per-chip intervals."
xAI Nvidia cumulative Q1 2024 through Q3 2025,Nvidia,xAI,2024-01-01,2025-09-30,,340000,,,553714,,,308.0,,,10180000000.0,,,,"See Epoch's Frontier AI Data Centers data. Because this is based on deployed data centers, this is a lumpy and lagging estimate of delivered chips. Cost interval summed from per-chip intervals."
Amazon Nvidia cumulative Q1 2022 through Q4 2025,Nvidia,Amazon,2022-01-01,2025-12-31,703433.0,914320,1184836.0,1105764.0,1427947,1839427.0,643.994,832.482,1072.09,21025153497.0,27163780922.0,34980954350.0,,,Based on Nvidia fiscal quarters. Generated on 2026-09-24 17:33
China Nvidia cumulative Q1 2022 through Q4 2025,Nvidia,China,2022-01-01,2025-12-31,1418911.0,1805354,2301735.0,324872.0,401698,496849.0,597.867,756.979,959.305,18835957293.0,23769102007.0,29922520074.0,,,Based on Nvidia fiscal quarters. Generated on 2026-09-24 17:33
China (smuggled) Nvidia cumulative Q1 2024 through Q4 2025,Nvidia,China (smuggled),2024-01-01,2025-12-31,213232.0,465762,1069982.0,294087.0,662048,1592327.0,163.13,359.66,837.91,,,,,,"Ran 4/30/26. Estimates from Epoch AI Monte Carlo model of compute smuggled to China (diversion + resale, 60/40 weighted)."
CoreWeave Nvidia cumulative Q1 2023 through Q4 2025,Nvidia,CoreWeave,2023-01-01,2025-12-31,491136.0,511608,533648.0,785173.0,832068,882226.0,459.26,484.3,510.67,14675406000.0,15929088000.0,17311736000.0,,,Generated on 2026-04-22 12:04 Converted from the percentile-only CSVs in owners_csv_export/coreweave/. Cost interval summed from per-chip intervals.
Google Nvidia cumulative Q1 2022 through Q4 2025,Nvidia,Google,2022-01-01,2025-12-31,630034.0,823812,1067761.0,955469.0,1236937,1590655.0,562.389,730.195,939.546,18444416414.0,23910049716.0,30775962698.0,,,Based on Nvidia fiscal quarters. Generated on 2026-09-24 17:33
Meta Nvidia cumulative Q1 2022 through Q4 2025,Nvidia,Meta,2022-01-01,2025-12-31,914904.0,1195290,1550154.0,1426111.0,1842318,2383664.0,833.577,1079.169,1394.759,27183541138.0,35236627029.0,45510156408.0,,,Based on Nvidia fiscal quarters. Generated on 2026-09-24 17:33
Microsoft Nvidia cumulative Q1 2022 through Q4 2025,Nvidia,Microsoft,2022-01-01,2025-12-31,1617433.0,2109969,2765222.0,2424281.0,3151494,4075898.0,1438.057,1866.218,2424.752,47228873927.0,61147645469.0,79360935760.0,,,Based on Nvidia fiscal quarters. Generated on 2026-09-24 17:33
Oracle Nvidia cumulative Q1 2022 through Q4 2025,Nvidia,Oracle,2022-01-01,2025-12-31,444889.0,605816,825380.0,770350.0,1031002,1384504.0,435.618,586.286,790.915,14125500157.0,19015854851.0,25646856778.0,,,Based on Nvidia fiscal quarters. Generated on 2026-09-24 17:33
Other Nvidia cumulative Q1 2022 through Q4 2025,Nvidia,Other,2022-01-01,2025-12-31,1577869.0,2026657,2564185.0,1999405.0,2973994,4229698.0,1427.53,1813.74,2260.06,36658944000.0,57965032000.0,85728119000.0,,,"Excludes Microsoft, Meta, Amazon, Google, Oracle, China, xAI, CoreWeave. Generated on 2026-04-22 11:57 Converted from the percentile-only CSVs in owners_csv_export/. Cost interval summed from per-chip intervals."
xAI Nvidia cumulative Q1 2024 through Q4 2025,Nvidia,xAI,2024-01-01,2025-12-31,,340000,,,553714,,,308.0,,,10180000000.0,,,,"See Epoch's Frontier AI Data Centers data. Because this is based on deployed data centers, this is a lumpy and lagging estimate of delivered chips. No quarterly breakdown for the same reason Cost interval summed from per-chip intervals."
Amazon Nvidia cumulative Q1 2022 through Q1 2026,Nvidia,Amazon,2022-01-01,2026-03-31,725606.0,943175,1221482.0,1160908.0,1499428,1933974.0,672.896,869.519,1122.207,21889588576.0,28301471910.0,36459731337.0,true,,Based on Nvidia fiscal quarters. Generated on 2026-09-24 17:33
China Nvidia cumulative Q1 2022 through Q1 2026,Nvidia,China,2022-01-01,2026-03-31,1418911.0,1805354,2301735.0,324872.0,401698,496849.0,597.867,756.979,959.305,18835957293.0,23769102007.0,29922520074.0,true,,Based on Nvidia fiscal quarters. Generated on 2026-09-24 17:33
Google Nvidia cumulative Q1 2022 through Q1 2026,Nvidia,Google,2022-01-01,2026-03-31,650257.0,848756,1098870.0,1005405.0,1298933,1669709.0,589.539,763.635,983.379,19252089705.0,24933949246.0,32135142824.0,true,,Based on Nvidia fiscal quarters. Generated on 2026-09-24 17:33
Meta Nvidia cumulative Q1 2022 through Q1 2026,Nvidia,Meta,2022-01-01,2026-03-31,948420.0,1237234,1605364.0,1509815.0,1950294,2521685.0,877.496,1135.792,1471.706,28578589833.0,36965708323.0,47780242331.0,true,,Based on Nvidia fiscal quarters. Generated on 2026-09-24 17:33
Microsoft Nvidia cumulative Q1 2022 through Q1 2026,Nvidia,Microsoft,2022-01-01,2026-03-31,1670762.0,2177958,2853914.0,2558194.0,3323440,4304925.0,1506.419,1955.218,2542.98,49324659107.0,63923333444.0,83094954962.0,true,,Based on Nvidia fiscal quarters. Generated on 2026-09-24 17:33
Oracle Nvidia cumulative Q1 2022 through Q1 2026,Nvidia,Oracle,2022-01-01,2026-03-31,463407.0,630367,858882.0,815384.0,1094216,1471064.0,460.507,619.505,836.069,14877844161.0,20031748065.0,27022617733.0,true,,Based on Nvidia fiscal quarters. Generated on 2026-09-24 17:33
Other Nvidia cumulative Q1 2022 through Q1 2026,Nvidia,Other,2022-01-01,2026-03-31,1714733.0,2162139,2708894.0,2299624.0,3338748,4704061.0,1608.07,2002.72,2466.42,41878560000.0,63870679000.0,92963588000.0,true,,"Excludes Microsoft, Meta, Amazon, Google, Oracle, China, xAI, CoreWeave. Incomplete: based on Nvidia fiscal quarters ending 1/25/2026. Generated on 2026-04-22 11:57 Converted from the percentile-only CSVs in owners_csv_export/. Cost interval summed from per-chip intervals."
