Name,Designer,Owner,Chip type,Start date,End date,Number of units (5th percentile),Number of units (median),Number of units (95th percentile),H100e (5th percentile),H100e (median),H100e (95th percentile),Power (MW) (5th percentile),Power (MW) (median),Power (MW) (95th percentile),Cost (USD) (5th percentile),Cost (USD) (median),Cost (USD) (95th percentile),Incomplete,Source,Notes
Meta AMD MI300X Q1 2024,AMD,Meta,MI300X,2024-01-01,2024-03-31,8899.0,13354,20010.0,11759.0,17644,26439.0,6.674,10.015,15.007,111238810.0,166919541.0,250118937.0,,,Generated on 2026-09-24 17:33
Microsoft AMD MI300X Q1 2024,AMD,Microsoft,MI300X,2024-01-01,2024-03-31,5708.0,8414,12497.0,7542.0,11118,16512.0,4.281,6.311,9.373,71352330.0,105177052.0,156209947.0,,,Generated on 2026-09-24 17:33
Oracle AMD MI300X Q1 2024,AMD,Oracle,MI300X,2024-01-01,2024-03-31,2304.0,3376,4943.0,3044.0,4460,6532.0,1.728,2.532,3.708,28801454.0,42194009.0,61792310.0,,,Generated on 2026-09-24 17:33
Other AMD MI250X Q1 2024,AMD,Other,MI250X,2024-01-01,2024-03-31,20432.0,30379,42786.0,3954.0,5879,8280.0,10.216,15.19,21.393,204316552.0,303794492.0,427859067.0,,,"Excludes Microsoft, Meta, Oracle, China. Generated on 2026-09-24 17:33"
Other AMD MI300A Q1 2024,AMD,Other,MI300A,2024-01-01,2024-03-31,1120.0,3562,6350.0,1110.0,3530,6293.0,0.851,2.707,4.826,7503836.0,23866065.0,42547539.0,,,"Excludes Microsoft, Meta, Oracle, China. Generated on 2026-09-24 17:33"
Other AMD MI300X Q1 2024,AMD,Other,MI300X,2024-01-01,2024-03-31,4511.0,9027,14789.0,5961.0,11927,19541.0,3.383,6.77,11.091,56388596.0,112836427.0,184857452.0,,,"Excludes Microsoft, Meta, Oracle, China. Generated on 2026-09-24 17:33"
Meta AMD MI300X Q2 2024,AMD,Meta,MI300X,2024-04-01,2024-06-30,21804.0,31202,43977.0,28810.0,41228,58108.0,16.353,23.402,32.983,272547141.0,390026740.0,549711270.0,,,Generated on 2026-09-24 17:33
Microsoft AMD MI300X Q2 2024,AMD,Microsoft,MI300X,2024-04-01,2024-06-30,14312.0,19687,26956.0,18911.0,26013,35618.0,10.734,14.765,20.217,178903999.0,246090682.0,336951073.0,,,Generated on 2026-09-24 17:33
Oracle AMD MI300X Q2 2024,AMD,Oracle,MI300X,2024-04-01,2024-06-30,5741.0,7913,10881.0,7585.0,10455,14377.0,4.306,5.935,8.161,71759442.0,98910360.0,136014070.0,,,Generated on 2026-09-24 17:33
Other AMD MI250X Q2 2024,AMD,Other,MI250X,2024-04-01,2024-06-30,1062.0,6596,12371.0,205.0,1277,2394.0,0.531,3.298,6.185,10615805.0,65961933.0,123709689.0,,,"Excludes Microsoft, Meta, Oracle, China. Generated on 2026-09-24 17:33"
Other AMD MI300A Q2 2024,AMD,Other,MI300A,2024-04-01,2024-06-30,3830.0,10732,17757.0,3796.0,10636,17597.0,2.911,8.157,13.495,25663531.0,71907031.0,118973009.0,,,"Excludes Microsoft, Meta, Oracle, China. Generated on 2026-09-24 17:33"
Other AMD MI300X Q2 2024,AMD,Other,MI300X,2024-04-01,2024-06-30,10931.0,21238,32133.0,14444.0,28062,42459.0,8.198,15.928,24.1,136639368.0,265472685.0,401666392.0,,,"Excludes Microsoft, Meta, Oracle, China. Generated on 2026-09-24 17:33"
Meta AMD MI300X Q3 2024,AMD,Meta,MI300X,2024-07-01,2024-09-30,26160.0,36751,51206.0,34566.0,48560,67660.0,19.62,27.563,38.404,327003364.0,459384131.0,640073706.0,,,Generated on 2026-09-24 17:33
Microsoft AMD MI300X Q3 2024,AMD,Microsoft,MI300X,2024-07-01,2024-09-30,17183.0,23307,31474.0,22704.0,30796,41588.0,12.887,17.48,23.606,214782010.0,291339451.0,393429881.0,,,Generated on 2026-09-24 17:33
Oracle AMD MI300X Q3 2024,AMD,Oracle,MI300X,2024-07-01,2024-09-30,6886.0,9335,12643.0,9098.0,12335,16706.0,5.164,7.001,9.483,86072042.0,116688609.0,158043534.0,,,Generated on 2026-09-24 17:33
Other AMD MI250X Q3 2024,AMD,Other,MI250X,2024-07-01,2024-09-30,1321.0,4386,7770.0,256.0,849,1504.0,0.661,2.193,3.885,13214838.0,43856063.0,77697995.0,,,"Excludes Microsoft, Meta, Oracle, China. Generated on 2026-09-24 17:33"
Other AMD MI300A Q3 2024,AMD,Other,MI300A,2024-07-01,2024-09-30,32549.0,43161,55398.0,32256.0,42773,54899.0,24.737,32.803,42.102,218077743.0,289180586.0,371163769.0,,,"Excludes Microsoft, Meta, Oracle, China. Generated on 2026-09-24 17:33"
Other AMD MI300X Q3 2024,AMD,Other,MI300X,2024-07-01,2024-09-30,13174.0,25093,37635.0,17407.0,33156,49728.0,9.881,18.82,28.226,164676302.0,313664489.0,470440232.0,,,"Excludes Microsoft, Meta, Oracle, China. Generated on 2026-09-24 17:33"
Meta AMD MI300X Q4 2024,AMD,Meta,MI300X,2024-10-01,2024-12-31,31856.0,44660,62699.0,42092.0,59010,82846.0,23.892,33.495,47.024,398202334.0,558250552.0,783741291.0,,,Generated on 2026-09-24 17:33
Microsoft AMD MI300X Q4 2024,AMD,Microsoft,MI300X,2024-10-01,2024-12-31,20926.0,28229,37800.0,27650.0,37300,49946.0,15.694,21.172,28.35,261572115.0,352867363.0,472498510.0,,,Generated on 2026-09-24 17:33
Oracle AMD MI300X Q4 2024,AMD,Oracle,MI300X,2024-10-01,2024-12-31,8369.0,11320,15118.0,11059.0,14958,19976.0,6.277,8.49,11.338,104616786.0,141503478.0,188972658.0,,,Generated on 2026-09-24 17:33
Other AMD MI250X Q4 2024,AMD,Other,MI250X,2024-10-01,2024-12-31,1793.0,3567,5757.0,347.0,690,1114.0,0.896,1.783,2.878,17925726.0,35665556.0,57565303.0,,,"Excludes Microsoft, Meta, Oracle, China. Generated on 2026-09-24 17:33"
Other AMD MI300A Q4 2024,AMD,Other,MI300A,2024-10-01,2024-12-31,39836.0,52350,65184.0,39478.0,51879,64598.0,30.276,39.786,49.54,266903255.0,350743150.0,436732221.0,,,"Excludes Microsoft, Meta, Oracle, China. Generated on 2026-09-24 17:33"
Other AMD MI300X Q4 2024,AMD,Other,MI300X,2024-10-01,2024-12-31,15872.0,30607,45789.0,20971.0,40442,60501.0,11.904,22.955,34.341,198394573.0,382587220.0,572356394.0,,,"Excludes Microsoft, Meta, Oracle, China. Generated on 2026-09-24 17:33"
Meta AMD MI300X Q1 2025,AMD,Meta,MI300X,2025-01-01,2025-03-31,23111.0,36234,56213.0,30537.0,47877,74276.0,17.333,27.176,42.16,288882494.0,452930127.0,702664020.0,,,Generated on 2026-09-24 17:33
Meta AMD MI325X Q1 2025,AMD,Meta,MI325X,2025-01-01,2025-03-31,7396.0,13707,25015.0,9717.0,18009,32864.0,7.396,13.707,25.015,110936442.0,205611048.0,375220570.0,,,Generated on 2026-09-24 17:33
Microsoft AMD MI300X Q1 2025,AMD,Microsoft,MI300X,2025-01-01,2025-03-31,11545.0,19396,32452.0,15255.0,25628,42880.0,8.659,14.547,24.339,144311895.0,242443923.0,405650026.0,,,Generated on 2026-09-24 17:33
Microsoft AMD MI325X Q1 2025,AMD,Microsoft,MI325X,2025-01-01,2025-03-31,3840.0,7341,14178.0,5046.0,9644,18627.0,3.84,7.341,14.178,57606629.0,110112865.0,212664986.0,,,Generated on 2026-09-24 17:33
Oracle AMD MI300X Q1 2025,AMD,Oracle,MI300X,2025-01-01,2025-03-31,4101.0,8516,17957.0,5418.0,11252,23727.0,3.075,6.387,13.468,51256333.0,106446374.0,224464920.0,,,Generated on 2026-09-24 17:33
Oracle AMD MI325X Q1 2025,AMD,Oracle,MI325X,2025-01-01,2025-03-31,1391.0,3184,7566.0,1827.0,4183,9940.0,1.391,3.184,7.566,20860143.0,47763719.0,113491538.0,,,Generated on 2026-09-24 17:33
Other AMD MI300A Q1 2025,AMD,Other,MI300A,2025-01-01,2025-03-31,2207.0,4642,7749.0,2187.0,4600,7679.0,1.677,3.528,5.889,14784034.0,31101574.0,51915376.0,,,"Excludes Microsoft, Meta, Oracle, China. Generated on 2026-09-24 17:33"
Other AMD MI300X Q1 2025,AMD,Other,MI300X,2025-01-01,2025-03-31,1046.0,19221,37540.0,1382.0,25397,49603.0,0.785,14.415,28.155,13076205.0,240256630.0,469250096.0,,,"Excludes Microsoft, Meta, Oracle, China. Generated on 2026-09-24 17:33"
Other AMD MI325X Q1 2025,AMD,Other,MI325X,2025-01-01,2025-03-31,446.0,7172,15724.0,586.0,9422,20658.0,0.446,7.172,15.724,6693643.0,107574771.0,235854407.0,,,"Excludes Microsoft, Meta, Oracle, China. Generated on 2026-09-24 17:33"
Meta AMD MI300X Q2 2025,AMD,Meta,MI300X,2025-04-01,2025-06-30,11549.0,19406,31968.0,15259.0,25641,42240.0,8.661,14.554,23.976,144356259.0,242570102.0,399599529.0,,,Generated on 2026-09-24 17:33
Meta AMD MI325X Q2 2025,AMD,Meta,MI325X,2025-04-01,2025-06-30,6023.0,11221,21202.0,7914.0,14742,27855.0,6.023,11.221,21.202,90352165.0,168315578.0,318031456.0,,,Generated on 2026-09-24 17:33
Meta AMD MI350X Q2 2025,AMD,Meta,MI350X,2025-04-01,2025-06-30,671.0,1722,3352.0,1564.0,4014,7815.0,0.671,1.722,3.352,15768347.0,40461198.0,78771424.0,,,Generated on 2026-09-24 17:33
Microsoft AMD MI300X Q2 2025,AMD,Microsoft,MI300X,2025-04-01,2025-06-30,5942.0,10420,18233.0,7852.0,13768,24092.0,4.457,7.815,13.675,74280873.0,130248033.0,227918176.0,,,Generated on 2026-09-24 17:33
Microsoft AMD MI325X Q2 2025,AMD,Microsoft,MI325X,2025-04-01,2025-06-30,3080.0,6070,11732.0,4046.0,7975,15413.0,3.08,6.07,11.732,46197917.0,91053049.0,175975715.0,,,Generated on 2026-09-24 17:33
Microsoft AMD MI350X Q2 2025,AMD,Microsoft,MI350X,2025-04-01,2025-06-30,347.0,920,1877.0,809.0,2145,4376.0,0.347,0.92,1.877,8157517.0,21622666.0,44108504.0,,,Generated on 2026-09-24 17:33
Oracle AMD MI300X Q2 2025,AMD,Oracle,MI300X,2025-04-01,2025-06-30,2085.0,4576,9951.0,2755.0,6047,13148.0,1.564,3.432,7.463,26059622.0,57202263.0,124381989.0,,,Generated on 2026-09-24 17:33
Oracle AMD MI325X Q2 2025,AMD,Oracle,MI325X,2025-04-01,2025-06-30,1101.0,2684,6246.0,1447.0,3526,8205.0,1.101,2.684,6.246,16518999.0,40260732.0,93683670.0,,,Generated on 2026-09-24 17:33
Oracle AMD MI350X Q2 2025,AMD,Oracle,MI350X,2025-04-01,2025-06-30,133.0,402,978.0,310.0,937,2281.0,0.133,0.402,0.978,3124139.0,9440641.0,22989022.0,,,Generated on 2026-09-24 17:33
Other AMD MI300X Q2 2025,AMD,Other,MI300X,2025-04-01,2025-06-30,-49.0,10086,20605.0,-65.0,13327,27225.0,-0.037,7.565,15.453,-611863.0,126075968.0,257557400.0,,,"Excludes Microsoft, Meta, Oracle, China. Generated on 2026-09-24 17:33"
Other AMD MI325X Q2 2025,AMD,Other,MI325X,2025-04-01,2025-06-30,-43.0,5750,12972.0,-56.0,7554,17043.0,-0.043,5.75,12.972,-644862.0,86243890.0,194586477.0,,,"Excludes Microsoft, Meta, Oracle, China. Generated on 2026-09-24 17:33"
Other AMD MI350X Q2 2025,AMD,Other,MI350X,2025-04-01,2025-06-30,-4.0,844,2090.0,-10.0,1967,4872.0,-0.004,0.844,2.09,-103522.0,19826228.0,49103624.0,,,"Excludes Microsoft, Meta, Oracle, China. Generated on 2026-09-24 17:33"
Meta AMD MI300X Q3 2025,AMD,Meta,MI300X,2025-07-01,2025-09-30,11001.0,19458,32721.0,14536.0,25711,43235.0,8.251,14.594,24.541,137508889.0,243228189.0,409014415.0,,,Generated on 2026-09-24 17:33
Meta AMD MI325X Q3 2025,AMD,Meta,MI325X,2025-07-01,2025-09-30,3135.0,8290,16600.0,4119.0,10892,21809.0,3.135,8.29,16.6,47028126.0,124356456.0,249005243.0,,,Generated on 2026-09-24 17:33
Meta AMD MI350X Q3 2025,AMD,Meta,MI350X,2025-07-01,2025-09-30,9922.0,15406,23782.0,23133.0,35919,55448.0,9.922,15.406,23.782,233169588.0,362046375.0,558886670.0,,,Generated on 2026-09-24 17:33
Meta AMD MI355X Q3 2025,AMD,Meta,MI355X,2025-07-01,2025-09-30,3072.0,5230,8545.0,7814.0,13301,21732.0,4.301,7.322,11.963,84492915.0,143823648.0,234981373.0,,,Generated on 2026-09-24 17:33
Microsoft AMD MI300X Q3 2025,AMD,Microsoft,MI300X,2025-07-01,2025-09-30,5572.0,10445,18502.0,7362.0,13801,24447.0,4.179,7.834,13.877,69650727.0,130564332.0,231275066.0,,,Generated on 2026-09-24 17:33
Microsoft AMD MI325X Q3 2025,AMD,Microsoft,MI325X,2025-07-01,2025-09-30,1662.0,4387,9394.0,2184.0,5764,12342.0,1.662,4.387,9.394,24932265.0,65806099.0,140915355.0,,,Generated on 2026-09-24 17:33
Microsoft AMD MI350X Q3 2025,AMD,Microsoft,MI350X,2025-07-01,2025-09-30,4976.0,8268,13612.0,11601.0,19276,31736.0,4.976,8.268,13.612,116935657.0,194289166.0,319882922.0,,,Generated on 2026-09-24 17:33
Microsoft AMD MI355X Q3 2025,AMD,Microsoft,MI355X,2025-07-01,2025-09-30,1529.0,2828,4863.0,3889.0,7191,12369.0,2.141,3.959,6.809,42049630.0,77757733.0,133742840.0,,,Generated on 2026-09-24 17:33
Oracle AMD MI300X Q3 2025,AMD,Oracle,MI300X,2025-07-01,2025-09-30,2000.0,4561,9920.0,2643.0,6026,13108.0,1.5,3.421,7.44,25003597.0,57010213.0,124002407.0,,,Generated on 2026-09-24 17:33
Oracle AMD MI325X Q3 2025,AMD,Oracle,MI325X,2025-07-01,2025-09-30,610.0,1933,4832.0,801.0,2540,6348.0,0.61,1.933,4.832,9143886.0,29000409.0,72481793.0,,,Generated on 2026-09-24 17:33
Oracle AMD MI350X Q3 2025,AMD,Oracle,MI350X,2025-07-01,2025-09-30,1761.0,3605,7519.0,4105.0,8405,17531.0,1.761,3.605,7.519,41373375.0,84715080.0,176698410.0,,,Generated on 2026-09-24 17:33
Oracle AMD MI355X Q3 2025,AMD,Oracle,MI355X,2025-07-01,2025-09-30,563.0,1219,2644.0,1432.0,3101,6724.0,0.788,1.707,3.702,15481209.0,33533447.0,72708339.0,,,Generated on 2026-09-24 17:33
Other AMD MI300X Q3 2025,AMD,Other,MI300X,2025-07-01,2025-09-30,343.0,10103,21163.0,453.0,13349,27963.0,0.257,7.577,15.872,4288568.0,126284391.0,264532517.0,,,"Excludes Microsoft, Meta, Oracle, China. Generated on 2026-09-24 17:33"
Other AMD MI325X Q3 2025,AMD,Other,MI325X,2025-07-01,2025-09-30,31.0,4100,10465.0,40.0,5386,13749.0,0.031,4.1,10.465,460019.0,61494185.0,156975157.0,,,"Excludes Microsoft, Meta, Oracle, China. Generated on 2026-09-24 17:33"
Other AMD MI350X Q3 2025,AMD,Other,MI350X,2025-07-01,2025-09-30,272.0,8115,15551.0,635.0,18920,36257.0,0.272,8.115,15.551,6402700.0,190698792.0,365447067.0,,,"Excludes Microsoft, Meta, Oracle, China. Generated on 2026-09-24 17:33"
Other AMD MI355X Q3 2025,AMD,Other,MI355X,2025-07-01,2025-09-30,83.0,2717,5556.0,210.0,6910,14129.0,0.116,3.804,7.778,2270201.0,74717829.0,152776518.0,,,"Excludes Microsoft, Meta, Oracle, China. Generated on 2026-09-24 17:33"
China AMD MI308X Q4 2025,AMD,China,MI308X,2025-10-01,2025-12-31,25910.0,31784,39002.0,8559.0,10499,12883.0,19.433,23.838,29.251,310920977.0,381406400.0,468022424.0,,,Generated on 2026-09-24 17:33
Meta AMD MI300X Q4 2025,AMD,Meta,MI300X,2025-10-01,2025-12-31,2566.0,4715,8294.0,3390.0,6230,10959.0,1.924,3.536,6.22,32069922.0,58939390.0,103671947.0,,,Generated on 2026-09-24 17:33
Meta AMD MI325X Q4 2025,AMD,Meta,MI325X,2025-10-01,2025-12-31,2392.0,5378,10804.0,3143.0,7065,14194.0,2.392,5.378,10.804,35881672.0,80665625.0,162060035.0,,,Generated on 2026-09-24 17:33
Meta AMD MI350X Q4 2025,AMD,Meta,MI350X,2025-10-01,2025-12-31,9096.0,14700,23781.0,21208.0,34274,55445.0,9.096,14.7,23.781,213767736.0,345459388.0,558858294.0,,,Generated on 2026-09-24 17:33
Meta AMD MI355X Q4 2025,AMD,Meta,MI355X,2025-10-01,2025-12-31,9971.0,15672,24260.0,25358.0,39859,61700.0,13.959,21.941,33.963,274189114.0,430986496.0,667139694.0,,,Generated on 2026-09-24 17:33
Microsoft AMD MI300X Q4 2025,AMD,Microsoft,MI300X,2025-10-01,2025-12-31,1312.0,2580,4751.0,1734.0,3410,6278.0,0.984,1.935,3.563,16400990.0,32255884.0,59386903.0,,,Generated on 2026-09-24 17:33
Microsoft AMD MI325X Q4 2025,AMD,Microsoft,MI325X,2025-10-01,2025-12-31,1272.0,2925,6071.0,1671.0,3843,7976.0,1.272,2.925,6.071,19082102.0,43872967.0,91067949.0,,,Generated on 2026-09-24 17:33
Microsoft AMD MI350X Q4 2025,AMD,Microsoft,MI350X,2025-10-01,2025-12-31,4600.0,8097,13564.0,10725.0,18877,31625.0,4.6,8.097,13.564,108105110.0,190270879.0,318757193.0,,,Generated on 2026-09-24 17:33
Microsoft AMD MI355X Q4 2025,AMD,Microsoft,MI355X,2025-10-01,2025-12-31,5049.0,8527,14216.0,12840.0,21686,36155.0,7.068,11.938,19.902,138839587.0,234487251.0,390929155.0,,,Generated on 2026-09-24 17:33
Oracle AMD MI300X Q4 2025,AMD,Oracle,MI300X,2025-10-01,2025-12-31,461.0,1104,2566.0,609.0,1458,3391.0,0.346,0.828,1.925,5758525.0,13796658.0,32077738.0,,,Generated on 2026-09-24 17:33
Oracle AMD MI325X Q4 2025,AMD,Oracle,MI325X,2025-10-01,2025-12-31,457.0,1259,3097.0,600.0,1654,4069.0,0.457,1.259,3.097,6853344.0,18879257.0,46457594.0,,,Generated on 2026-09-24 17:33
Oracle AMD MI350X Q4 2025,AMD,Oracle,MI350X,2025-10-01,2025-12-31,1590.0,3478,7301.0,3707.0,8108,17023.0,1.59,3.478,7.301,37362413.0,81724062.0,171584941.0,,,Generated on 2026-09-24 17:33
Oracle AMD MI355X Q4 2025,AMD,Oracle,MI355X,2025-10-01,2025-12-31,1692.0,3692,7655.0,4302.0,9390,19469.0,2.368,5.169,10.717,46516361.0,101526337.0,210517887.0,,,Generated on 2026-09-24 17:33
Other AMD MI300X Q4 2025,AMD,Other,MI300X,2025-10-01,2025-12-31,70.0,2442,5209.0,92.0,3227,6883.0,0.052,1.832,3.907,870610.0,30528376.0,65111985.0,,,"Excludes Microsoft, Meta, Oracle, China. Generated on 2026-09-24 17:33"
Other AMD MI325X Q4 2025,AMD,Other,MI325X,2025-10-01,2025-12-31,54.0,2716,6603.0,71.0,3568,8675.0,0.054,2.716,6.603,808980.0,40736558.0,99049014.0,,,"Excludes Microsoft, Meta, Oracle, China. Generated on 2026-09-24 17:33"
Other AMD MI350X Q4 2025,AMD,Other,MI350X,2025-10-01,2025-12-31,201.0,7844,15061.0,468.0,18288,35114.0,0.201,7.844,15.061,4718114.0,184333362.0,353928815.0,,,"Excludes Microsoft, Meta, Oracle, China. Generated on 2026-09-24 17:33"
Other AMD MI355X Q4 2025,AMD,Other,MI355X,2025-10-01,2025-12-31,225.0,8310,15975.0,573.0,21135,40630.0,0.315,11.634,22.366,6190306.0,228527661.0,439323391.0,,,"Excludes Microsoft, Meta, Oracle, China. Generated on 2026-09-24 17:33"
Amazon Amazon Trainium1 Q1 2024,Amazon,Amazon,Trainium1,2024-01-01,2024-03-31,49718.0,111727,250385.0,10552.0,23712,53139.0,14.916,33.518,75.116,,,,,,Generated on 2026-09-24 17:33
Amazon Amazon Trainium2 Q1 2024,Amazon,Amazon,Trainium2,2024-01-01,2024-03-31,6738.0,12855,23026.0,4423.0,8438,15114.0,3.369,6.427,11.513,26950426.0,51418264.0,92103725.0,,,Generated on 2026-09-24 17:33
Amazon Amazon Trainium1 Q2 2024,Amazon,Amazon,Trainium1,2024-04-01,2024-06-30,49718.0,111727,250385.0,10552.0,23712,53139.0,14.916,33.518,75.116,,,,,,Generated on 2026-09-24 17:33
Amazon Amazon Trainium2 Q2 2024,Amazon,Amazon,Trainium2,2024-04-01,2024-06-30,19160.0,31555,48041.0,12577.0,20713,31534.0,9.58,15.778,24.021,76641006.0,126221045.0,192165983.0,,,Generated on 2026-09-24 17:33
Amazon Amazon Trainium1 Q3 2024,Amazon,Amazon,Trainium1,2024-07-01,2024-09-30,49718.0,111727,250385.0,10552.0,23712,53139.0,14.916,33.518,75.116,,,,,,Generated on 2026-09-24 17:33
Amazon Amazon Trainium2 Q3 2024,Amazon,Amazon,Trainium2,2024-07-01,2024-09-30,50915.0,77613,106701.0,33420.0,50944,70038.0,25.457,38.806,53.35,203659281.0,310451553.0,426803219.0,,,Generated on 2026-09-24 17:33
Amazon Amazon Trainium1 Q4 2024,Amazon,Amazon,Trainium1,2024-10-01,2024-12-31,49718.0,111727,250385.0,10552.0,23712,53139.0,14.916,33.518,75.116,,,,,,Generated on 2026-09-24 17:33
Amazon Amazon Trainium2 Q4 2024,Amazon,Amazon,Trainium2,2024-10-01,2024-12-31,124267.0,189263,264817.0,81568.0,124230,173824.0,62.134,94.631,132.408,497069588.0,757050333.0,1059267905.0,,,Generated on 2026-09-24 17:33
Amazon Amazon Trainium2 Q1 2025,Amazon,Amazon,Trainium2,2025-01-01,2025-03-31,179311.0,212461,249350.0,117698.0,139458,163671.0,89.656,106.23,124.675,717244973.0,849843161.0,997398564.0,,,Generated on 2026-09-24 17:33
Amazon Amazon Trainium2 Q2 2025,Amazon,Amazon,Trainium2,2025-04-01,2025-06-30,212508.0,247507,284525.0,139489.0,162461,186760.0,106.254,123.753,142.262,850033371.0,990027000.0,1138099064.0,,,Generated on 2026-09-24 17:33
Amazon Amazon Trainium2 Q3 2025,Amazon,Amazon,Trainium2,2025-07-01,2025-09-30,248780.0,287891,329862.0,163297.0,188969,216519.0,124.39,143.945,164.931,995118393.0,1151562405.0,1319448167.0,,,Generated on 2026-09-24 17:33
Amazon Amazon Trainium2 Q4 2025,Amazon,Amazon,Trainium2,2025-10-01,2025-12-31,285632.0,335033,388888.0,187487.0,219913,255263.0,142.816,167.517,194.444,1142529878.0,1340133148.0,1555552325.0,,,Generated on 2026-09-24 17:33
China Cambricon Siyuan 590 Q1 2024,Cambricon,China,Siyuan 590,2024-01-01,2024-03-31,525.0,547,591.0,136.0,142,153.0,0.105,0.1094,0.1182,,,,,,Cambricon methodology; quarterly allocation proportional to reported quarterly revenue
China Cambricon Siyuan 590 Q2 2024,Cambricon,China,Siyuan 590,2024-04-01,2024-06-30,799.0,832,899.0,207.0,215,233.0,0.1598,0.1664,0.1798,,,,,,"Cambricon methodology; quarterly allocation proportional to reported quarterly revenue H100e 95th percentile corrected from 23 to 233: below its own median, and the sales row for the same chip and quarter (China is Cambricon's only owner) says 233."
China Cambricon Siyuan 590 Q3 2024,Cambricon,China,Siyuan 590,2024-07-01,2024-09-30,2462.0,2565,2770.0,637.0,664,717.0,0.4924,0.513,0.554,,,,,,Cambricon methodology; quarterly allocation proportional to reported quarterly revenue
China Cambricon Siyuan 590 Q4 2024,Cambricon,China,Siyuan 590,2024-10-01,2024-12-31,20214.0,21056,22740.0,5229.0,5447,5882.0,4.0428,4.2112,4.548,,,,,,Cambricon methodology; quarterly allocation proportional to reported quarterly revenue
China Cambricon Siyuan 590 Q1 2025,Cambricon,China,Siyuan 590,2025-01-01,2025-03-31,17106.0,18817,25659.0,4425.0,4869,6638.0,3.4212,3.7634,5.1318,,,,,,Cambricon methodology; quarterly allocation proportional to reported quarterly revenue
China Cambricon Siyuan 590 Q2 2025,Cambricon,China,Siyuan 590,2025-04-01,2025-06-30,27230.0,29953,40845.0,7044.0,7749,10567.0,5.446,5.9906,8.169,,,,,,Cambricon methodology; quarterly allocation proportional to reported quarterly revenue
China Cambricon Siyuan 590 Q3 2025,Cambricon,China,Siyuan 590,2025-07-01,2025-09-30,26578.0,29235,39866.0,6877.0,7563,10313.0,5.3156,5.847,7.9732,,,,,,Cambricon methodology; quarterly allocation proportional to reported quarterly revenue
China Cambricon Siyuan 590 Q4 2025,Cambricon,China,Siyuan 590,2025-10-01,2025-12-31,29086.0,31995,43630.0,7525.0,8277,11287.0,5.8172,6.399,8.726,,,,,,Cambricon methodology; quarterly allocation proportional to reported quarterly revenue
Google Google TPU v4 Q4 2022,Google,Google,TPU v4,2022-10-01,2022-12-31,48807.0,66381,87280.0,6782.0,9224,12128.0,16.594,22.57,29.675,166139812.0,225960970.0,297101066.0,true,,Based on Broadcom fiscal quarters. Generated on 2026-09-24 17:32
Google Google TPU v4i Q4 2022,Google,Google,TPU v4i,2022-10-01,2022-12-31,12640.0,20603,31385.0,881.0,1437,2189.0,2.212,3.606,5.492,29350291.0,47840903.0,72876260.0,true,,Based on Broadcom fiscal quarters. Generated on 2026-09-24 17:32
Google Google TPU v5e Q4 2022,Google,Google,TPU v5e,2022-10-01,2022-12-31,9820.0,15662,23488.0,1950.0,3110,4664.0,2.21,3.524,5.285,27202232.0,43384385.0,65060911.0,true,,Based on Broadcom fiscal quarters. Generated on 2026-09-24 17:32
Google Google TPU v4 Q1 2023,Google,Google,TPU v4,2023-01-01,2023-03-31,86866.0,119447,158511.0,12071.0,16598,22027.0,29.535,40.612,53.894,295692797.0,406596708.0,539571751.0,,,Based on Broadcom fiscal quarters. Generated on 2026-09-24 17:32
Google Google TPU v4i Q1 2023,Google,Google,TPU v4i,2023-01-01,2023-03-31,5912.0,9637,14680.0,412.0,672,1024.0,1.035,1.686,2.569,13728362.0,22377196.0,34087283.0,,,Based on Broadcom fiscal quarters. Generated on 2026-09-24 17:32
Google Google TPU v5e Q1 2023,Google,Google,TPU v5e,2023-01-01,2023-03-31,20241.0,39032,60872.0,4020.0,7751,12088.0,4.554,8.782,13.696,56067850.0,108118168.0,168615942.0,,,Based on Broadcom fiscal quarters. Generated on 2026-09-24 17:32
Google Google TPU v4 Q2 2023,Google,Google,TPU v4,2023-04-01,2023-06-30,43760.0,66489,93184.0,6081.0,9239,12949.0,14.878,22.606,31.683,148958473.0,226327973.0,317198240.0,,,Based on Broadcom fiscal quarters. Generated on 2026-09-24 17:32
Google Google TPU v5e Q2 2023,Google,Google,TPU v5e,2023-04-01,2023-06-30,84715.0,119728,165730.0,16823.0,23776,32912.0,19.061,26.939,37.289,234661288.0,331647879.0,459072412.0,,,Based on Broadcom fiscal quarters. Generated on 2026-09-24 17:32
Google Google TPU v4 Q3 2023,Google,Google,TPU v4,2023-07-01,2023-09-30,3028.0,11379,19700.0,421.0,1581,2738.0,1.029,3.869,6.698,10306075.0,38734347.0,67059700.0,,,Based on Broadcom fiscal quarters. Generated on 2026-09-24 17:32
Google Google TPU v5e Q3 2023,Google,Google,TPU v5e,2023-07-01,2023-09-30,181091.0,249913,329666.0,35962.0,49629,65467.0,40.746,56.231,74.175,501622558.0,692260109.0,913173854.0,,,Based on Broadcom fiscal quarters. Generated on 2026-09-24 17:32
Google Google TPU v5e Q4 2023,Google,Google,TPU v5e,2023-10-01,2023-12-31,284985.0,388938,507415.0,56594.0,77237,100765.0,64.122,87.511,114.168,789408514.0,1077359598.0,1405540472.0,,,Based on Broadcom fiscal quarters. Generated on 2026-09-24 17:32
Google Google TPU v5p Q4 2023,Google,Google,TPU v5p,2023-10-01,2023-12-31,7238.0,14460,22370.0,3357.0,6707,10377.0,3.908,7.808,12.08,43591764.0,87090044.0,134732532.0,,,Based on Broadcom fiscal quarters. Generated on 2026-09-24 17:32
Google Google TPU v5e Q1 2024,Google,Google,TPU v5e,2024-01-01,2024-03-31,304201.0,419415,550849.0,60410.0,83290,109390.0,68.445,94.368,123.941,842637472.0,1161778905.0,1525852539.0,,,Based on Broadcom fiscal quarters. Generated on 2026-09-24 17:32
Google Google TPU v5p Q1 2024,Google,Google,TPU v5p,2024-01-01,2024-03-31,59917.0,82804,108880.0,27794.0,38411,50506.0,32.355,44.714,58.795,360878239.0,498731456.0,655783737.0,,,Based on Broadcom fiscal quarters. Generated on 2026-09-24 17:32
Google Google TPU v5e Q2 2024,Google,Google,TPU v5e,2024-04-01,2024-06-30,263474.0,375901,518678.0,52322.0,74648,103002.0,59.282,84.578,116.702,729822677.0,1041244800.0,1436737366.0,,,Based on Broadcom fiscal quarters. Generated on 2026-09-24 17:32
Google Google TPU v5p Q2 2024,Google,Google,TPU v5p,2024-04-01,2024-06-30,101456.0,144737,194632.0,47062.0,67139,90284.0,54.786,78.158,105.102,611069976.0,871753210.0,1172271446.0,,,Based on Broadcom fiscal quarters. Generated on 2026-09-24 17:32
Google Google TPU v5e Q3 2024,Google,Google,TPU v5e,2024-07-01,2024-09-30,231323.0,359553,516192.0,45937.0,71402,102508.0,52.048,80.899,116.143,640764258.0,995961102.0,1429852649.0,,,Based on Broadcom fiscal quarters. Generated on 2026-09-24 17:32
Google Google TPU v5p Q3 2024,Google,Google,TPU v5p,2024-07-01,2024-09-30,108151.0,159924,222175.0,50168.0,74184,103061.0,58.402,86.359,119.975,651393319.0,963221173.0,1338162026.0,,,Based on Broadcom fiscal quarters. Generated on 2026-09-24 17:32
Google Google TPU v6e Q3 2024,Google,Google,TPU v6e,2024-07-01,2024-09-30,17332.0,40020,71152.0,16080.0,37129,66010.0,6.586,15.208,27.038,72378956.0,167125536.0,297129686.0,,,Based on Broadcom fiscal quarters. Generated on 2026-09-24 17:32
Google Google TPU v5e Q4 2024,Google,Google,TPU v5e,2024-10-01,2024-12-31,202384.0,301857,427762.0,40190.0,59944,84947.0,45.536,67.918,96.246,560603837.0,836144029.0,1184899705.0,,,Based on Broadcom fiscal quarters. Generated on 2026-09-24 17:32
Google Google TPU v5p Q4 2024,Google,Google,TPU v5p,2024-10-01,2024-12-31,92837.0,134593,183208.0,43065.0,62434,84985.0,50.132,72.68,98.932,559159331.0,810652282.0,1103462752.0,,,Based on Broadcom fiscal quarters. Generated on 2026-09-24 17:32
Google Google TPU v6e Q4 2024,Google,Google,TPU v6e,2024-10-01,2024-12-31,125435.0,174388,230735.0,116371.0,161787,214062.0,47.665,66.267,87.679,523816369.0,728243190.0,963548560.0,,,Based on Broadcom fiscal quarters. Generated on 2026-09-24 17:32
Google Google TPU v5e Q1 2025,Google,Google,TPU v5e,2025-01-01,2025-03-31,62152.0,95341,139526.0,12342.0,18933,27708.0,13.984,21.452,31.393,172160907.0,264095285.0,386487999.0,,,Based on Broadcom fiscal quarters. Generated on 2026-09-24 17:32
Google Google TPU v5p Q1 2025,Google,Google,TPU v5p,2025-01-01,2025-03-31,53948.0,96196,141519.0,25025.0,44623,65647.0,29.132,51.946,76.42,324930869.0,579390893.0,852369037.0,,,Based on Broadcom fiscal quarters. Generated on 2026-09-24 17:32
Google Google TPU v6e Q1 2025,Google,Google,TPU v6e,2025-01-01,2025-03-31,305540.0,406910,519527.0,283462.0,377507,481987.0,116.105,154.626,197.42,1275934815.0,1699255058.0,2169545068.0,,,Based on Broadcom fiscal quarters. Generated on 2026-09-24 17:32
Google Google TPU v5p Q2 2025,Google,Google,TPU v5p,2025-04-01,2025-06-30,9390.0,32237,53691.0,4356.0,14954,24906.0,5.071,17.408,28.993,56557432.0,194160569.0,323381904.0,,,Based on Broadcom fiscal quarters. Generated on 2026-09-24 17:32
Google Google TPU v6e Q2 2025,Google,Google,TPU v6e,2025-04-01,2025-06-30,509946.0,663772,814938.0,473098.0,615809,756052.0,193.779,252.233,309.676,2129532477.0,2771911839.0,3403181110.0,,,Based on Broadcom fiscal quarters. Generated on 2026-09-24 17:32
Google Google TPU v6e Q3 2025,Google,Google,TPU v6e,2025-07-01,2025-09-30,561243.0,737073,915991.0,520689.0,683813,849802.0,213.272,280.088,348.077,2343752190.0,3078018008.0,3825177569.0,,,Based on Broadcom fiscal quarters. Generated on 2026-09-24 17:32
Google Google TPU v7 Q3 2025,Google,Google,TPU v7,2025-07-01,2025-09-30,23632.0,51358,80444.0,55098.0,119740,187553.0,22.687,49.304,77.226,328698300.0,714339019.0,1118892726.0,,,Based on Broadcom fiscal quarters. Generated on 2026-09-24 17:32
Google Google TPU v6e Q4 2025,Google,Google,TPU v6e,2025-10-01,2025-12-31,269070.0,394689,535497.0,249628.0,366169,496803.0,102.247,149.982,203.489,1123637872.0,1648220401.0,2236235433.0,,,Based on Broadcom fiscal quarters. Generated on 2026-09-24 17:32
Google Google TPU v7 Q4 2025,Google,Google,TPU v7,2025-10-01,2025-12-31,144931.0,198027,258715.0,337904.0,461695,603189.0,139.134,190.105,248.367,2015843735.0,2754351215.0,3598468757.0,,,Based on Broadcom fiscal quarters. Generated on 2026-09-24 17:32
Google Google TPU v6e Q1 2026,Google,Google,TPU v6e,2026-01-01,2026-03-31,63678.0,142098,232057.0,59077.0,131830,215289.0,24.198,53.997,88.182,265920632.0,593402604.0,969069174.0,,,Based on Broadcom fiscal quarters. Generated on 2026-09-24 17:32
Google Google TPU v7 Q1 2026,Google,Google,TPU v7,2026-01-01,2026-03-31,233339.0,306846,388725.0,544026.0,715405,906305.0,224.006,294.572,373.176,3245518626.0,4267919372.0,5406778447.0,,,Based on Broadcom fiscal quarters. Generated on 2026-09-24 17:32
Google Google TPU v6e Q2 2026,Google,Google,TPU v6e,2026-04-01,2026-06-30,335.0,38608,75626.0,311.0,35818,70161.0,0.127,14.671,28.738,1398771.0,161228151.0,315814696.0,true,,Based on Broadcom fiscal quarters. Generated on 2026-09-24 17:32
Google Google TPU v7 Q2 2026,Google,Google,TPU v7,2026-04-01,2026-06-30,91538.0,122139,157115.0,213418.0,284766,366312.0,87.876,117.254,150.831,1273195344.0,1698836704.0,2185318409.0,true,,Based on Broadcom fiscal quarters. Generated on 2026-09-24 17:32
China Huawei Ascend 910B Q1 2024,Huawei,China,Ascend 910B,2024-01-01,2024-03-31,87500.0,100000,125000.0,27363.0,35379,45991.0,35.0,40.0,50.0,1312500000.0,1500000000.0,1875000000.0,,see methodology,Confidence intervals in units are relatively unprincipled due to lack of revenue model. Don't take them too literally. H100e conversion incorporates some uncertainty over average chip specifications. See methodology
China Huawei Ascend 910C Q1 2024,Huawei,China,Ascend 910C,2024-01-01,2024-03-31,6250.0,12500,25000.0,4877.0,9649,18995.0,4.375,8.75,17.5,125000000.0,250000000.0,500000000.0,,see methodology,Confidence intervals in units are relatively unprincipled due to lack of revenue model. Don't take them too literally. H100e conversion incorporates some uncertainty over average chip specifications. See methodology
China Huawei Ascend 910B Q2 2024,Huawei,China,Ascend 910B,2024-04-01,2024-06-30,87500.0,100000,125000.0,27363.0,35379,45991.0,35.0,40.0,50.0,1312500000.0,1500000000.0,1875000000.0,,see methodology,Confidence intervals in units are relatively unprincipled due to lack of revenue model. Don't take them too literally. H100e conversion incorporates some uncertainty over average chip specifications. See methodology
China Huawei Ascend 910C Q2 2024,Huawei,China,Ascend 910C,2024-04-01,2024-06-30,6250.0,12500,25000.0,4877.0,9649,18995.0,4.375,8.75,17.5,125000000.0,250000000.0,500000000.0,,see methodology,Confidence intervals in units are relatively unprincipled due to lack of revenue model. Don't take them too literally. H100e conversion incorporates some uncertainty over average chip specifications. See methodology
China Huawei Ascend 910B Q3 2024,Huawei,China,Ascend 910B,2024-07-01,2024-09-30,87500.0,100000,125000.0,27363.0,35379,45991.0,35.0,40.0,50.0,1312500000.0,1500000000.0,1875000000.0,,see methodology,Confidence intervals in units are relatively unprincipled due to lack of revenue model. Don't take them too literally. H100e conversion incorporates some uncertainty over average chip specifications. See methodology
China Huawei Ascend 910C Q3 2024,Huawei,China,Ascend 910C,2024-07-01,2024-09-30,6250.0,12500,25000.0,4877.0,9649,18995.0,4.375,8.75,17.5,125000000.0,250000000.0,500000000.0,,see methodology,Confidence intervals in units are relatively unprincipled due to lack of revenue model. Don't take them too literally. H100e conversion incorporates some uncertainty over average chip specifications. See methodology
China Huawei Ascend 910B Q4 2024,Huawei,China,Ascend 910B,2024-10-01,2024-12-31,87500.0,100000,125000.0,27363.0,35379,45991.0,35.0,40.0,50.0,1312500000.0,1500000000.0,1875000000.0,,see methodology,Confidence intervals in units are relatively unprincipled due to lack of revenue model. Don't take them too literally. H100e conversion incorporates some uncertainty over average chip specifications. See methodology
China Huawei Ascend 910C Q4 2024,Huawei,China,Ascend 910C,2024-10-01,2024-12-31,6250.0,12500,25000.0,4877.0,9649,18995.0,4.375,8.75,17.5,125000000.0,250000000.0,500000000.0,,see methodology,Confidence intervals in units are relatively unprincipled due to lack of revenue model. Don't take them too literally. H100e conversion incorporates some uncertainty over average chip specifications. See methodology
China Huawei Ascend 910B Q1 2025,Huawei,China,Ascend 910B,2025-01-01,2025-03-31,37500.0,50000,66500.0,11947.0,16817,23883.0,15.0,20.0,26.6,562500000.0,750000000.0,997500000.0,,see methodology,Confidence intervals in units are relatively unprincipled due to lack of revenue model. Don't take them too literally. H100e conversion incorporates some uncertainty over average chip specifications. See methodology
China Huawei Ascend 910C Q1 2025,Huawei,China,Ascend 910C,2025-01-01,2025-03-31,125000.0,150000,175000.0,97199.0,115147,136011.0,87.5,105.0,122.5,2500000000.0,3000000000.0,3500000000.0,,see methodology,Confidence intervals in units are relatively unprincipled due to lack of revenue model. Don't take them too literally. H100e conversion incorporates some uncertainty over average chip specifications. See methodology
China Huawei Ascend 910B Q2 2025,Huawei,China,Ascend 910B,2025-04-01,2025-06-30,37500.0,50000,66500.0,11947.0,16817,23883.0,15.0,20.0,26.6,562500000.0,750000000.0,997500000.0,,see methodology,Confidence intervals in units are relatively unprincipled due to lack of revenue model. Don't take them too literally. H100e conversion incorporates some uncertainty over average chip specifications. See methodology
China Huawei Ascend 910C Q2 2025,Huawei,China,Ascend 910C,2025-04-01,2025-06-30,125000.0,150000,175000.0,97199.0,115147,136011.0,87.5,105.0,122.5,2500000000.0,3000000000.0,3500000000.0,,see methodology,Confidence intervals in units are relatively unprincipled due to lack of revenue model. Don't take them too literally. H100e conversion incorporates some uncertainty over average chip specifications. See methodology
China Huawei Ascend 910B Q3 2025,Huawei,China,Ascend 910B,2025-07-01,2025-09-30,37500.0,50000,66500.0,11947.0,16817,23883.0,15.0,20.0,26.6,562500000.0,750000000.0,997500000.0,,see methodology,Confidence intervals in units are relatively unprincipled due to lack of revenue model. Don't take them too literally. H100e conversion incorporates some uncertainty over average chip specifications. See methodology
China Huawei Ascend 910C Q3 2025,Huawei,China,Ascend 910C,2025-07-01,2025-09-30,125000.0,150000,175000.0,97199.0,115147,136011.0,87.5,105.0,122.5,2500000000.0,3000000000.0,3500000000.0,,see methodology,Confidence intervals in units are relatively unprincipled due to lack of revenue model. Don't take them too literally. H100e conversion incorporates some uncertainty over average chip specifications. See methodology
China Huawei Ascend 910B Q4 2025,Huawei,China,Ascend 910B,2025-10-01,2025-12-31,37500.0,50000,66500.0,11947.0,16817,23883.0,15.0,20.0,26.6,562500000.0,750000000.0,997500000.0,,see methodology,Confidence intervals in units are relatively unprincipled due to lack of revenue model. Don't take them too literally. H100e conversion incorporates some uncertainty over average chip specifications. See methodology
China Huawei Ascend 910C Q4 2025,Huawei,China,Ascend 910C,2025-10-01,2025-12-31,125000.0,150000,175000.0,97199.0,115147,136011.0,87.5,105.0,122.5,2500000000.0,3000000000.0,3500000000.0,,see methodology,Confidence intervals in units are relatively unprincipled due to lack of revenue model. Don't take them too literally. H100e conversion incorporates some uncertainty over average chip specifications. See methodology
Amazon Nvidia A100 Q1 2022,Nvidia,Amazon,A100,2022-01-01,2022-03-31,10611.0,17885,30655.0,3346.0,5639,9666.0,4.244,7.154,12.262,127334097.0,214625292.0,367857145.0,,,Based on Nvidia fiscal quarters. Generated on 2026-09-24 17:33
China Nvidia A100 Q1 2022,Nvidia,China,A100,2022-01-01,2022-03-31,19345.0,29857,46305.0,6100.0,9414,14600.0,7.738,11.943,18.522,232136694.0,358287748.0,555659334.0,,,Based on Nvidia fiscal quarters. Generated on 2026-09-24 17:33
Google Nvidia A100 Q1 2022,Nvidia,Google,A100,2022-01-01,2022-03-31,10686.0,18078,30202.0,3370.0,5700,9523.0,4.275,7.231,12.081,128235688.0,216937090.0,362427058.0,,,Based on Nvidia fiscal quarters. Generated on 2026-09-24 17:33
Meta Nvidia A100 Q1 2022,Nvidia,Meta,A100,2022-01-01,2022-03-31,14505.0,24610,42530.0,4574.0,7760,13410.0,5.802,9.844,17.012,174064452.0,295322632.0,510364656.0,,,Based on Nvidia fiscal quarters. Generated on 2026-09-24 17:33
Microsoft Nvidia A100 Q1 2022,Nvidia,Microsoft,A100,2022-01-01,2022-03-31,27647.0,46840,79069.0,8718.0,14769,24931.0,11.059,18.736,31.628,331768325.0,562079597.0,948826307.0,,,Based on Nvidia fiscal quarters. Generated on 2026-09-24 17:33
Oracle Nvidia A100 Q1 2022,Nvidia,Oracle,A100,2022-01-01,2022-03-31,2393.0,5094,10910.0,755.0,1606,3440.0,0.957,2.037,4.364,28717921.0,61122356.0,130920221.0,,,Based on Nvidia fiscal quarters. Generated on 2026-09-24 17:33
Other Nvidia A100 Q1 2022,Nvidia,Other,A100,2022-01-01,2022-03-31,30963.0,55987,102557.0,9763.0,17653,32337.0,12.385358,22.3951,41.023079,371556000.0,671844000.0,1230684000.0,,,"Excludes Microsoft, Meta, Amazon, Google, Oracle, China, xAI, CoreWeave. Generated on 2026-04-22 11:57 Converted from the percentile-only CSVs in owners_csv_export/."
Amazon Nvidia A100 Q2 2022,Nvidia,Amazon,A100,2022-04-01,2022-06-30,11541.0,18998,32387.0,3639.0,5990,10212.0,4.616,7.599,12.955,138490990.0,227976110.0,388643677.0,,,Based on Nvidia fiscal quarters. Generated on 2026-09-24 17:33
China Nvidia A100 Q2 2022,Nvidia,China,A100,2022-04-01,2022-06-30,20672.0,31906,49482.0,6518.0,10060,15602.0,8.269,12.762,19.793,248063131.0,382869158.0,593782017.0,,,Based on Nvidia fiscal quarters. Generated on 2026-09-24 17:33
Google Nvidia A100 Q2 2022,Nvidia,Google,A100,2022-04-01,2022-06-30,11364.0,19051,32146.0,3583.0,6007,10136.0,4.546,7.62,12.858,136366921.0,228614898.0,385748970.0,,,Based on Nvidia fiscal quarters. Generated on 2026-09-24 17:33
Meta Nvidia A100 Q2 2022,Nvidia,Meta,A100,2022-04-01,2022-06-30,15412.0,26288,44883.0,4860.0,8289,14152.0,6.165,10.515,17.953,184941999.0,315455060.0,538592088.0,,,Based on Nvidia fiscal quarters. Generated on 2026-09-24 17:33
Microsoft Nvidia A100 Q2 2022,Nvidia,Microsoft,A100,2022-04-01,2022-06-30,29782.0,50469,85223.0,9391.0,15914,26872.0,11.913,20.188,34.089,357385080.0,605632267.0,1022672097.0,,,Based on Nvidia fiscal quarters. Generated on 2026-09-24 17:33
Oracle Nvidia A100 Q2 2022,Nvidia,Oracle,A100,2022-04-01,2022-06-30,2561.0,5495,11570.0,808.0,1733,3648.0,1.024,2.198,4.628,30731933.0,65941394.0,138838447.0,,,Based on Nvidia fiscal quarters. Generated on 2026-09-24 17:33
Other Nvidia A100 Q2 2022,Nvidia,Other,A100,2022-04-01,2022-06-30,32117.0,58689,108440.0,10127.0,18505,34192.0,12.847087,23.475956,43.376062,385404000.0,704268000.0,1301280000.0,,,"Excludes Microsoft, Meta, Amazon, Google, Oracle, China, xAI, CoreWeave. Generated on 2026-04-22 11:57 Converted from the percentile-only CSVs in owners_csv_export/."
Amazon Nvidia A100 Q3 2022,Nvidia,Amazon,A100,2022-07-01,2022-09-30,10931.0,18260,30871.0,3447.0,5758,9734.0,4.372,7.304,12.349,131166773.0,219117351.0,370456050.0,,,Based on Nvidia fiscal quarters. Generated on 2026-09-24 17:33
Amazon Nvidia H100/H200 Q3 2022,Nvidia,Amazon,H100/H200,2022-07-01,2022-09-30,297.0,515,876.0,297.0,515,876.0,0.208,0.36,0.613,7417804.0,12872773.0,21900546.0,,,Based on Nvidia fiscal quarters. Generated on 2026-09-24 17:33
China Nvidia A100 Q3 2022,Nvidia,China,A100,2022-07-01,2022-09-30,7084.0,10934,16957.0,2234.0,3448,5347.0,2.834,4.374,6.783,85011315.0,131209383.0,203489288.0,,,Based on Nvidia fiscal quarters. Generated on 2026-09-24 17:33
Google Nvidia A100 Q3 2022,Nvidia,Google,A100,2022-07-01,2022-09-30,10845.0,18158,30644.0,3420.0,5725,9662.0,4.338,7.263,12.257,130144725.0,217896310.0,367723247.0,,,Based on Nvidia fiscal quarters. Generated on 2026-09-24 17:33
Google Nvidia H100/H200 Q3 2022,Nvidia,Google,H100/H200,2022-07-01,2022-09-30,298.0,511,878.0,298.0,511,878.0,0.209,0.358,0.615,7449454.0,12778915.0,21959106.0,,,Based on Nvidia fiscal quarters. Generated on 2026-09-24 17:33
Meta Nvidia A100 Q3 2022,Nvidia,Meta,A100,2022-07-01,2022-09-30,14918.0,25058,42497.0,4704.0,7901,13400.0,5.967,10.023,16.999,179012867.0,300691255.0,509969599.0,,,Based on Nvidia fiscal quarters. Generated on 2026-09-24 17:33
Meta Nvidia H100/H200 Q3 2022,Nvidia,Meta,H100/H200,2022-07-01,2022-09-30,406.0,703,1214.0,406.0,703,1214.0,0.284,0.492,0.85,10151004.0,17576664.0,30354637.0,,,Based on Nvidia fiscal quarters. Generated on 2026-09-24 17:33
Microsoft Nvidia A100 Q3 2022,Nvidia,Microsoft,A100,2022-07-01,2022-09-30,28546.0,47909,81986.0,9001.0,15106,25851.0,11.419,19.163,32.794,342556896.0,574903338.0,983834107.0,,,Based on Nvidia fiscal quarters. Generated on 2026-09-24 17:33
Microsoft Nvidia H100/H200 Q3 2022,Nvidia,Microsoft,H100/H200,2022-07-01,2022-09-30,778.0,1342,2304.0,778.0,1342,2304.0,0.545,0.94,1.613,19457220.0,33553769.0,57603997.0,,,Based on Nvidia fiscal quarters. Generated on 2026-09-24 17:33
Oracle Nvidia A100 Q3 2022,Nvidia,Oracle,A100,2022-07-01,2022-09-30,2417.0,5239,10869.0,762.0,1652,3427.0,0.967,2.096,4.347,29006762.0,62865054.0,130424893.0,,,Based on Nvidia fiscal quarters. Generated on 2026-09-24 17:33
Oracle Nvidia H100/H200 Q3 2022,Nvidia,Oracle,H100/H200,2022-07-01,2022-09-30,62.0,143,319.0,62.0,143,319.0,0.043,0.1,0.223,1552154.0,3566876.0,7978545.0,,,Based on Nvidia fiscal quarters. Generated on 2026-09-24 17:33
Other Nvidia A100 Q3 2022,Nvidia,Other,A100,2022-07-01,2022-09-30,50165.0,79238,126258.0,15817.0,24984,39810.0,20.066393,31.695249,50.5034,601980000.0,950856000.0,1515096000.0,,,"Excludes Microsoft, Meta, Amazon, Google, Oracle, China, xAI, CoreWeave. Generated on 2026-04-22 11:57 Converted from the percentile-only CSVs in owners_csv_export/."
Other Nvidia H100/H200 Q3 2022,Nvidia,Other,H100/H200,2022-07-01,2022-09-30,1711.0,2512,3728.0,1711.0,2512,3728.0,1.19789,1.758678,2.60991,42775000.0,62800000.0,93200000.0,,,"Excludes Microsoft, Meta, Amazon, Google, Oracle, China, xAI, CoreWeave. Generated on 2026-04-22 11:57 Converted from the percentile-only CSVs in owners_csv_export/."
Amazon Nvidia A100 Q4 2022,Nvidia,Amazon,A100,2022-10-01,2022-12-31,6859.0,10477,16480.0,2163.0,3304,5196.0,2.743,4.191,6.592,82303169.0,125725929.0,197758577.0,,,Based on Nvidia fiscal quarters. Generated on 2026-09-24 17:33
Amazon Nvidia H100/H200 Q4 2022,Nvidia,Amazon,H100/H200,2022-10-01,2022-12-31,2357.0,3314,4533.0,2357.0,3314,4533.0,1.65,2.319,3.173,58928783.0,82838452.0,113328824.0,,,Based on Nvidia fiscal quarters. Generated on 2026-09-24 17:33
China Nvidia A800 Q4 2022,Nvidia,China,A800,2022-10-01,2022-12-31,21518.0,28133,36493.0,6785.0,8870,11507.0,8.607,11.253,14.597,258214105.0,337590659.0,437913225.0,,,Based on Nvidia fiscal quarters. Generated on 2026-09-24 17:33
Google Nvidia A100 Q4 2022,Nvidia,Google,A100,2022-10-01,2022-12-31,6727.0,10501,16420.0,2121.0,3311,5177.0,2.691,4.201,6.568,80718683.0,126016776.0,197040682.0,,,Based on Nvidia fiscal quarters. Generated on 2026-09-24 17:33
Google Nvidia H100/H200 Q4 2022,Nvidia,Google,H100/H200,2022-10-01,2022-12-31,2367.0,3309,4601.0,2367.0,3309,4601.0,1.657,2.317,3.221,59168271.0,82732573.0,115019177.0,,,Based on Nvidia fiscal quarters. Generated on 2026-09-24 17:33
Meta Nvidia A100 Q4 2022,Nvidia,Meta,A100,2022-10-01,2022-12-31,9278.0,14468,22980.0,2925.0,4562,7246.0,3.711,5.787,9.192,111331128.0,173620404.0,275754229.0,,,Based on Nvidia fiscal quarters. Generated on 2026-09-24 17:33
Meta Nvidia H100/H200 Q4 2022,Nvidia,Meta,H100/H200,2022-10-01,2022-12-31,3229.0,4540,6285.0,3229.0,4540,6285.0,2.26,3.178,4.4,80723559.0,113493532.0,157136365.0,,,Based on Nvidia fiscal quarters. Generated on 2026-09-24 17:33
Microsoft Nvidia A100 Q4 2022,Nvidia,Microsoft,A100,2022-10-01,2022-12-31,17723.0,27516,43886.0,5588.0,8676,13838.0,7.089,11.006,17.555,212678507.0,330191290.0,526637973.0,,,Based on Nvidia fiscal quarters. Generated on 2026-09-24 17:33
Microsoft Nvidia H100/H200 Q4 2022,Nvidia,Microsoft,H100/H200,2022-10-01,2022-12-31,6236.0,8665,12192.0,6236.0,8665,12192.0,4.365,6.065,8.535,155887774.0,216622924.0,304811665.0,,,Based on Nvidia fiscal quarters. Generated on 2026-09-24 17:33
Oracle Nvidia A100 Q4 2022,Nvidia,Oracle,A100,2022-10-01,2022-12-31,1986.0,3736,6967.0,626.0,1178,2197.0,0.794,1.494,2.787,23827983.0,44829133.0,83599591.0,,,Based on Nvidia fiscal quarters. Generated on 2026-09-24 17:33
Oracle Nvidia H100/H200 Q4 2022,Nvidia,Oracle,H100/H200,2022-10-01,2022-12-31,782.0,1393,2450.0,782.0,1393,2450.0,0.547,0.975,1.715,19545431.0,34820042.0,61241540.0,,,Based on Nvidia fiscal quarters. Generated on 2026-09-24 17:33
Other Nvidia A100 Q4 2022,Nvidia,Other,A100,2022-10-01,2022-12-31,29202.0,43283,64677.0,9207.0,13647,20393.0,11.681121,17.313239,25.870901,350424000.0,519396000.0,776124000.0,,,"Excludes Microsoft, Meta, Amazon, Google, Oracle, China, xAI, CoreWeave. Generated on 2026-04-22 11:57 Converted from the percentile-only CSVs in owners_csv_export/."
Other Nvidia H100/H200 Q4 2022,Nvidia,Other,H100/H200,2022-10-01,2022-12-31,7126.0,10224,14677.0,7126.0,10224,14677.0,4.988544,7.157435,10.274419,178150000.0,255600000.0,366925000.0,,,"Excludes Microsoft, Meta, Amazon, Google, Oracle, China, xAI, CoreWeave. Generated on 2026-04-22 11:57 Converted from the percentile-only CSVs in owners_csv_export/."
Amazon Nvidia A100 Q1 2023,Nvidia,Amazon,A100,2023-01-01,2023-03-31,4265.0,6122,8850.0,1345.0,1930,2791.0,1.706,2.449,3.54,51182842.0,73469171.0,106201107.0,,,Based on Nvidia fiscal quarters. Generated on 2026-09-24 17:33
Amazon Nvidia H100/H200 Q1 2023,Nvidia,Amazon,H100/H200,2023-01-01,2023-03-31,4293.0,5856,7909.0,4293.0,5856,7909.0,3.005,4.099,5.536,107315279.0,146408071.0,197714768.0,,,Based on Nvidia fiscal quarters. Generated on 2026-09-24 17:33
China Nvidia A800 Q1 2023,Nvidia,China,A800,2023-01-01,2023-03-31,22416.0,29307,38016.0,7068.0,9241,11987.0,8.966,11.723,15.206,268989412.0,351678360.0,456187399.0,,,Based on Nvidia fiscal quarters. Generated on 2026-09-24 17:33
China Nvidia H800 Q1 2023,Nvidia,China,H800,2023-01-01,2023-03-31,5923.0,7342,9137.0,5923.0,7342,9137.0,4.146,5.139,6.396,177691700.0,220261749.0,274107248.0,,,Based on Nvidia fiscal quarters. Generated on 2026-09-24 17:33
CoreWeave Nvidia H100/H200 Q1 2023,Nvidia,CoreWeave,H100/H200,2023-01-01,2023-03-31,4611.0,4611,4611.0,4611.0,4611,4611.0,3.2277,3.2277,3.2277,115275000.0,115275000.0,115275000.0,,,Generated on 2026-04-22 12:04 Converted from the percentile-only CSVs in owners_csv_export/coreweave/.
Google Nvidia A100 Q1 2023,Nvidia,Google,A100,2023-01-01,2023-03-31,4286.0,6118,8760.0,1351.0,1929,2762.0,1.714,2.447,3.504,51432598.0,73417351.0,105124673.0,,,Based on Nvidia fiscal quarters. Generated on 2026-09-24 17:33
Google Nvidia H100/H200 Q1 2023,Nvidia,Google,H100/H200,2023-01-01,2023-03-31,4312.0,5854,7936.0,4312.0,5854,7936.0,3.019,4.098,5.555,107810847.0,146346239.0,198403114.0,,,Based on Nvidia fiscal quarters. Generated on 2026-09-24 17:33
Meta Nvidia A100 Q1 2023,Nvidia,Meta,A100,2023-01-01,2023-03-31,5880.0,8402,12179.0,1854.0,2649,3840.0,2.352,3.361,4.871,70560084.0,100827011.0,146144871.0,,,Based on Nvidia fiscal quarters. Generated on 2026-09-24 17:33
Meta Nvidia H100/H200 Q1 2023,Nvidia,Meta,H100/H200,2023-01-01,2023-03-31,5904.0,8054,10896.0,5904.0,8054,10896.0,4.133,5.637,7.627,147590156.0,201338969.0,272409402.0,,,Based on Nvidia fiscal quarters. Generated on 2026-09-24 17:33
Microsoft Nvidia A100 Q1 2023,Nvidia,Microsoft,A100,2023-01-01,2023-03-31,11151.0,16053,23091.0,3516.0,5062,7281.0,4.46,6.421,9.236,133807752.0,192637667.0,277087035.0,,,Based on Nvidia fiscal quarters. Generated on 2026-09-24 17:33
Microsoft Nvidia H100/H200 Q1 2023,Nvidia,Microsoft,H100/H200,2023-01-01,2023-03-31,11223.0,15329,20807.0,11223.0,15329,20807.0,7.856,10.731,14.565,280576386.0,383235079.0,520174837.0,,,Based on Nvidia fiscal quarters. Generated on 2026-09-24 17:33
Oracle Nvidia A100 Q1 2023,Nvidia,Oracle,A100,2023-01-01,2023-03-31,1545.0,2652,4661.0,487.0,836,1470.0,0.618,1.061,1.864,18543097.0,31823590.0,55931878.0,,,Based on Nvidia fiscal quarters. Generated on 2026-09-24 17:33
Oracle Nvidia H100/H200 Q1 2023,Nvidia,Oracle,H100/H200,2023-01-01,2023-03-31,1521.0,2531,4310.0,1521.0,2531,4310.0,1.065,1.772,3.017,38023211.0,63271971.0,107742946.0,,,Based on Nvidia fiscal quarters. Generated on 2026-09-24 17:33
Other Nvidia A100 Q1 2023,Nvidia,Other,A100,2023-01-01,2023-03-31,12631.0,18522,26935.0,3982.0,5840,8493.0,5.052467,7.409079,10.774205,151572000.0,222264000.0,323220000.0,,,"Excludes Microsoft, Meta, Amazon, Google, Oracle, China, xAI, CoreWeave. Generated on 2026-04-22 11:57 Converted from the percentile-only CSVs in owners_csv_export/."
Other Nvidia H100/H200 Q1 2023,Nvidia,Other,H100/H200,2023-01-01,2023-03-31,7783.0,12894,20148.0,7783.0,12894,20148.0,5.448426,9.026366,14.104175,194575000.0,322350000.0,503700000.0,,,"Excludes Microsoft, Meta, Amazon, Google, Oracle, China, xAI, CoreWeave. Generated on 2026-04-22 11:57 Converted from the percentile-only CSVs in owners_csv_export/."
Amazon Nvidia A100 Q2 2023,Nvidia,Amazon,A100,2023-04-01,2023-06-30,4611.0,6707,9739.0,1454.0,2115,3071.0,1.844,2.683,3.896,55326450.0,80483428.0,116872585.0,,,Based on Nvidia fiscal quarters. Generated on 2026-09-24 17:33
Amazon Nvidia H100/H200 Q2 2023,Nvidia,Amazon,H100/H200,2023-04-01,2023-06-30,11318.0,15680,21175.0,11318.0,15680,21175.0,7.923,10.976,14.822,282955349.0,392007141.0,529367034.0,,,Based on Nvidia fiscal quarters. Generated on 2026-09-24 17:33
China Nvidia A800 Q2 2023,Nvidia,China,A800,2023-04-01,2023-06-30,20183.0,26387,34228.0,6364.0,8320,10793.0,8.073,10.555,13.691,242191769.0,316642961.0,410740454.0,,,Based on Nvidia fiscal quarters. Generated on 2026-09-24 17:33
China Nvidia H800 Q2 2023,Nvidia,China,H800,2023-04-01,2023-06-30,25748.0,31916,39718.0,25748.0,31916,39718.0,18.023,22.341,27.803,772430646.0,957483803.0,1191551654.0,,,Based on Nvidia fiscal quarters. Generated on 2026-09-24 17:33
CoreWeave Nvidia H100/H200 Q2 2023,Nvidia,CoreWeave,H100/H200,2023-04-01,2023-06-30,7501.0,7501,7501.0,7501.0,7501,7501.0,5.2507,5.2507,5.2507,187525000.0,187525000.0,187525000.0,,,Generated on 2026-04-22 12:04 Converted from the percentile-only CSVs in owners_csv_export/coreweave/.
Google Nvidia A100 Q2 2023,Nvidia,Google,A100,2023-04-01,2023-06-30,4671.0,6673,9541.0,1473.0,2104,3008.0,1.868,2.669,3.816,56049630.0,80076789.0,114493663.0,,,Based on Nvidia fiscal quarters. Generated on 2026-09-24 17:33
Google Nvidia H100/H200 Q2 2023,Nvidia,Google,H100/H200,2023-04-01,2023-06-30,11445.0,15584,21209.0,11445.0,15584,21209.0,8.011,10.909,14.846,286120705.0,389612488.0,530215208.0,,,Based on Nvidia fiscal quarters. Generated on 2026-09-24 17:33
Meta Nvidia A100 Q2 2023,Nvidia,Meta,A100,2023-04-01,2023-06-30,6406.0,9172,13405.0,2020.0,2892,4227.0,2.562,3.669,5.362,76867570.0,110059418.0,160858702.0,,,Based on Nvidia fiscal quarters. Generated on 2026-09-24 17:33
Meta Nvidia H100/H200 Q2 2023,Nvidia,Meta,H100/H200,2023-04-01,2023-06-30,15706.0,21428,29550.0,15706.0,21428,29550.0,10.994,15.0,20.685,392647417.0,535711324.0,738747623.0,,,Based on Nvidia fiscal quarters. Generated on 2026-09-24 17:33
Microsoft Nvidia A100 Q2 2023,Nvidia,Microsoft,A100,2023-04-01,2023-06-30,12124.0,17502,25175.0,3823.0,5519,7938.0,4.85,7.001,10.07,145491510.0,210024590.0,302104695.0,,,Based on Nvidia fiscal quarters. Generated on 2026-09-24 17:33
Microsoft Nvidia H100/H200 Q2 2023,Nvidia,Microsoft,H100/H200,2023-04-01,2023-06-30,29808.0,40872,56079.0,29808.0,40872,56079.0,20.865,28.61,39.255,745194859.0,1021797358.0,1401974516.0,,,Based on Nvidia fiscal quarters. Generated on 2026-09-24 17:33
Oracle Nvidia A100 Q2 2023,Nvidia,Oracle,A100,2023-04-01,2023-06-30,1682.0,2907,5068.0,530.0,917,1598.0,0.673,1.163,2.027,20185628.0,34888509.0,60812883.0,,,Based on Nvidia fiscal quarters. Generated on 2026-09-24 17:33
Oracle Nvidia H100/H200 Q2 2023,Nvidia,Oracle,H100/H200,2023-04-01,2023-06-30,4017.0,6794,11649.0,4017.0,6794,11649.0,2.812,4.756,8.155,100435274.0,169859945.0,291235555.0,,,Based on Nvidia fiscal quarters. Generated on 2026-09-24 17:33
Other Nvidia A100 Q2 2023,Nvidia,Other,A100,2023-04-01,2023-06-30,13721.0,20319,30070.0,4326.0,6406,9481.0,5.488737,8.127602,12.028076,164652000.0,243828000.0,360840000.0,,,"Excludes Microsoft, Meta, Amazon, Google, Oracle, China, xAI, CoreWeave. Generated on 2026-04-22 11:57 Converted from the percentile-only CSVs in owners_csv_export/."
Other Nvidia H100/H200 Q2 2023,Nvidia,Other,H100/H200,2023-04-01,2023-06-30,25130.0,38850,59274.0,25130.0,38850,59274.0,17.591693,27.195113,41.492395,628250000.0,971250000.0,1481850000.0,,,"Excludes Microsoft, Meta, Amazon, Google, Oracle, China, xAI, CoreWeave. Generated on 2026-04-22 11:57 Converted from the percentile-only CSVs in owners_csv_export/."
Amazon Nvidia A100 Q3 2023,Nvidia,Amazon,A100,2023-07-01,2023-09-30,3961.0,5715,8306.0,1249.0,1802,2619.0,1.584,2.286,3.322,47533139.0,68578132.0,99670755.0,,,Based on Nvidia fiscal quarters. Generated on 2026-09-24 17:33
Amazon Nvidia H100/H200 Q3 2023,Nvidia,Amazon,H100/H200,2023-07-01,2023-09-30,19722.0,26953,36192.0,19722.0,26953,36192.0,13.806,18.867,25.335,493061801.0,673823519.0,904807376.0,,,Based on Nvidia fiscal quarters. Generated on 2026-09-24 17:33
China Nvidia A800 Q3 2023,Nvidia,China,A800,2023-07-01,2023-09-30,21803.0,28505,36976.0,6875.0,8988,11659.0,8.721,11.402,14.79,261634224.0,342062142.0,443713509.0,,,Based on Nvidia fiscal quarters. Generated on 2026-09-24 17:33
China Nvidia H800 Q3 2023,Nvidia,China,H800,2023-07-01,2023-09-30,45446.0,56334,70105.0,45446.0,56334,70105.0,31.812,39.434,49.074,1363387068.0,1690017144.0,2103161136.0,,,Based on Nvidia fiscal quarters. Generated on 2026-09-24 17:33
CoreWeave Nvidia H100/H200 Q3 2023,Nvidia,CoreWeave,H100/H200,2023-07-01,2023-09-30,12200.0,12200,12200.0,12200.0,12200,12200.0,8.54,8.54,8.54,305000000.0,305000000.0,305000000.0,,,Generated on 2026-04-22 12:04 Converted from the percentile-only CSVs in owners_csv_export/coreweave/.
Google Nvidia A100 Q3 2023,Nvidia,Google,A100,2023-07-01,2023-09-30,3991.0,5720,8088.0,1258.0,1803,2550.0,1.596,2.288,3.235,47887430.0,68634359.0,97051429.0,,,Based on Nvidia fiscal quarters. Generated on 2026-09-24 17:33
Google Nvidia H100/H200 Q3 2023,Nvidia,Google,H100/H200,2023-07-01,2023-09-30,19798.0,26983,36982.0,19798.0,26983,36982.0,13.858,18.888,25.887,494942921.0,674577657.0,924540462.0,,,Based on Nvidia fiscal quarters. Generated on 2026-09-24 17:33
Meta Nvidia A100 Q3 2023,Nvidia,Meta,A100,2023-07-01,2023-09-30,5514.0,7810,11343.0,1739.0,2463,3577.0,2.206,3.124,4.537,66171040.0,93723219.0,136121739.0,,,Based on Nvidia fiscal quarters. Generated on 2026-09-24 17:33
Meta Nvidia H100/H200 Q3 2023,Nvidia,Meta,H100/H200,2023-07-01,2023-09-30,27400.0,36948,50116.0,27400.0,36948,50116.0,19.18,25.863,35.082,684994474.0,923687904.0,1252912179.0,,,Based on Nvidia fiscal quarters. Generated on 2026-09-24 17:33
Microsoft Nvidia A100 Q3 2023,Nvidia,Microsoft,A100,2023-07-01,2023-09-30,10407.0,14967,21537.0,3281.0,4719,6791.0,4.163,5.987,8.615,124882998.0,179600823.0,258445510.0,,,Based on Nvidia fiscal quarters. Generated on 2026-09-24 17:33
Microsoft Nvidia H100/H200 Q3 2023,Nvidia,Microsoft,H100/H200,2023-07-01,2023-09-30,52000.0,70351,95699.0,52000.0,70351,95699.0,36.4,49.245,66.989,1299987722.0,1758765555.0,2392474832.0,,,Based on Nvidia fiscal quarters. Generated on 2026-09-24 17:33
Oracle Nvidia A100 Q3 2023,Nvidia,Oracle,A100,2023-07-01,2023-09-30,1464.0,2497,4342.0,462.0,787,1369.0,0.585,0.999,1.737,17564188.0,29961035.0,52100671.0,,,Based on Nvidia fiscal quarters. Generated on 2026-09-24 17:33
Oracle Nvidia H100/H200 Q3 2023,Nvidia,Oracle,H100/H200,2023-07-01,2023-09-30,6983.0,11681,19734.0,6983.0,11681,19734.0,4.888,8.177,13.814,174581383.0,292024384.0,493342591.0,,,Based on Nvidia fiscal quarters. Generated on 2026-09-24 17:33
Other Nvidia A100 Q3 2023,Nvidia,Other,A100,2023-07-01,2023-09-30,11564.0,17318,25635.0,3646.0,5460,8083.0,4.62597,6.927362,10.254162,138768000.0,207816000.0,307620000.0,,,"Excludes Microsoft, Meta, Amazon, Google, Oracle, China, xAI, CoreWeave. Generated on 2026-04-22 11:57 Converted from the percentile-only CSVs in owners_csv_export/."
Other Nvidia H100/H200 Q3 2023,Nvidia,Other,H100/H200,2023-07-01,2023-09-30,44160.0,67621,101162.0,44160.0,67621,101162.0,30.912579,47.335236,70.813438,1104000000.0,1690525000.0,2529050000.0,,,"Excludes Microsoft, Meta, Amazon, Google, Oracle, China, xAI, CoreWeave. Generated on 2026-04-22 11:57 Converted from the percentile-only CSVs in owners_csv_export/."
Amazon Nvidia A100 Q4 2023,Nvidia,Amazon,A100,2023-10-01,2023-12-31,1061.0,1562,2308.0,335.0,492,728.0,0.424,0.625,0.923,12732243.0,18739586.0,27695790.0,,,Based on Nvidia fiscal quarters. Generated on 2026-09-24 17:33
Amazon Nvidia H100/H200 Q4 2023,Nvidia,Amazon,H100/H200,2023-10-01,2023-12-31,27260.0,37104,50201.0,27260.0,37104,50201.0,19.082,25.973,35.14,681503446.0,927608653.0,1255013468.0,,,Based on Nvidia fiscal quarters. Generated on 2026-09-24 17:33
China Nvidia A800 Q4 2023,Nvidia,China,A800,2023-10-01,2023-12-31,6953.0,9090,11791.0,2192.0,2866,3718.0,2.781,3.636,4.716,83431871.0,109079325.0,141494670.0,,,Based on Nvidia fiscal quarters. Generated on 2026-09-24 17:33
China Nvidia H800 Q4 2023,Nvidia,China,H800,2023-10-01,2023-12-31,16004.0,19838,24688.0,16004.0,19838,24688.0,11.203,13.887,17.282,480128452.0,595154035.0,740646236.0,,,Based on Nvidia fiscal quarters. Generated on 2026-09-24 17:33
CoreWeave Nvidia H100/H200 Q4 2023,Nvidia,CoreWeave,H100/H200,2023-10-01,2023-12-31,19845.0,19845,19845.0,19845.0,19845,19845.0,13.8915,13.8915,13.8915,496125000.0,496125000.0,496125000.0,,,Generated on 2026-04-22 12:04 Converted from the percentile-only CSVs in owners_csv_export/coreweave/.
Google Nvidia A100 Q4 2023,Nvidia,Google,A100,2023-10-01,2023-12-31,1069.0,1577,2298.0,337.0,497,725.0,0.427,0.631,0.919,12823693.0,18923225.0,27580118.0,,,Based on Nvidia fiscal quarters. Generated on 2026-09-24 17:33
Google Nvidia H100/H200 Q4 2023,Nvidia,Google,H100/H200,2023-10-01,2023-12-31,27276.0,37221,50748.0,27276.0,37221,50748.0,19.093,26.054,35.524,681898390.0,930514580.0,1268712339.0,,,Based on Nvidia fiscal quarters. Generated on 2026-09-24 17:33
Meta Nvidia A100 Q4 2023,Nvidia,Meta,A100,2023-10-01,2023-12-31,1471.0,2148,3201.0,464.0,677,1009.0,0.588,0.859,1.28,17654375.0,25777904.0,38407795.0,,,Based on Nvidia fiscal quarters. Generated on 2026-09-24 17:33
Meta Nvidia H100/H200 Q4 2023,Nvidia,Meta,H100/H200,2023-10-01,2023-12-31,37790.0,51327,70379.0,37790.0,51327,70379.0,26.453,35.929,49.266,944757158.0,1283163791.0,1759482547.0,,,Based on Nvidia fiscal quarters. Generated on 2026-09-24 17:33
Microsoft Nvidia A100 Q4 2023,Nvidia,Microsoft,A100,2023-10-01,2023-12-31,2775.0,4091,6065.0,875.0,1290,1912.0,1.11,1.636,2.426,33303910.0,49092615.0,72774758.0,,,Based on Nvidia fiscal quarters. Generated on 2026-09-24 17:33
Microsoft Nvidia H100/H200 Q4 2023,Nvidia,Microsoft,H100/H200,2023-10-01,2023-12-31,71735.0,97901,132535.0,71735.0,97901,132535.0,50.214,68.531,92.774,1793372271.0,2447524824.0,3313374219.0,,,Based on Nvidia fiscal quarters. Generated on 2026-09-24 17:33
Oracle Nvidia A100 Q4 2023,Nvidia,Oracle,A100,2023-10-01,2023-12-31,372.0,676,1266.0,117.0,213,399.0,0.149,0.27,0.506,4460917.0,8113899.0,15193695.0,,,Based on Nvidia fiscal quarters. Generated on 2026-09-24 17:33
Oracle Nvidia H100/H200 Q4 2023,Nvidia,Oracle,H100/H200,2023-10-01,2023-12-31,14549.0,22426,34724.0,14549.0,22426,34724.0,10.184,15.698,24.307,363717971.0,560657693.0,868097653.0,,,Based on Nvidia fiscal quarters. Generated on 2026-09-24 17:33
Other Nvidia A100 Q4 2023,Nvidia,Other,A100,2023-10-01,2023-12-31,3002.0,4642,7167.0,946.0,1463,2259.0,1.200989,1.85695,2.866937,36024000.0,55704000.0,86004000.0,,,"Excludes Microsoft, Meta, Amazon, Google, Oracle, China, xAI, CoreWeave. Generated on 2026-04-22 11:57 Converted from the percentile-only CSVs in owners_csv_export/."
Other Nvidia H100/H200 Q4 2023,Nvidia,Other,H100/H200,2023-10-01,2023-12-31,109417.0,149825,199312.0,109417.0,149825,199312.0,76.592333,104.877957,139.518655,2735425000.0,3745625000.0,4982800000.0,,,"Excludes Microsoft, Meta, Amazon, Google, Oracle, China, xAI, CoreWeave. Generated on 2026-04-22 11:57 Converted from the percentile-only CSVs in owners_csv_export/."
Amazon Nvidia H100/H200 Q1 2024,Nvidia,Amazon,H100/H200,2024-01-01,2024-03-31,37652.0,51235,69202.0,37652.0,51235,69202.0,26.356,35.864,48.441,941300670.0,1280869127.0,1730039425.0,,,Based on Nvidia fiscal quarters. Generated on 2026-09-24 17:33
China Nvidia H20 Q1 2024,Nvidia,China,H20,2024-01-01,2024-03-31,106730.0,138720,180461.0,15964.0,20748,26992.0,42.692,55.488,72.184,1280760482.0,1664635459.0,2165534032.0,,,Based on Nvidia fiscal quarters. Generated on 2026-09-24 17:33
CoreWeave Nvidia H100/H200 Q1 2024,Nvidia,CoreWeave,H100/H200,2024-01-01,2024-03-31,16822.0,27311,42716.0,16822.0,27311,42716.0,11.7754,19.1177,29.9012,420550000.0,682775000.0,1067900000.0,,,Generated on 2026-04-22 12:04 Converted from the percentile-only CSVs in owners_csv_export/coreweave/.
Google Nvidia H100/H200 Q1 2024,Nvidia,Google,H100/H200,2024-01-01,2024-03-31,37928.0,51219,69498.0,37928.0,51219,69498.0,26.55,35.853,48.649,948197254.0,1280481104.0,1737448971.0,,,Based on Nvidia fiscal quarters. Generated on 2026-09-24 17:33
Meta Nvidia H100/H200 Q1 2024,Nvidia,Meta,H100/H200,2024-01-01,2024-03-31,51923.0,70854,96504.0,51923.0,70854,96504.0,36.346,49.598,67.553,1298065712.0,1771361857.0,2412598798.0,,,Based on Nvidia fiscal quarters. Generated on 2026-09-24 17:33
Microsoft Nvidia H100/H200 Q1 2024,Nvidia,Microsoft,H100/H200,2024-01-01,2024-03-31,98358.0,133815,182616.0,98358.0,133815,182616.0,68.851,93.67,127.831,2458949707.0,3345371585.0,4565402027.0,,,Based on Nvidia fiscal quarters. Generated on 2026-09-24 17:33
Oracle Nvidia H100/H200 Q1 2024,Nvidia,Oracle,H100/H200,2024-01-01,2024-03-31,22336.0,33716,50745.0,22336.0,33716,50745.0,15.635,23.601,35.522,558393585.0,842893183.0,1268637238.0,,,Based on Nvidia fiscal quarters. Generated on 2026-09-24 17:33
Other Nvidia H100/H200 Q1 2024,Nvidia,Other,H100/H200,2024-01-01,2024-03-31,119138.0,170716,238485.0,119138.0,170716,238485.0,83.397023,119.501363,166.939896,2978450000.0,4267900000.0,5962125000.0,,,"Excludes Microsoft, Meta, Amazon, Google, Oracle, China, xAI, CoreWeave. Generated on 2026-04-22 11:57 Converted from the percentile-only CSVs in owners_csv_export/."
Amazon Nvidia H100/H200 Q2 2024,Nvidia,Amazon,H100/H200,2024-04-01,2024-06-30,46316.0,62414,84685.0,46316.0,62414,84685.0,32.421,43.69,59.28,1157908927.0,1560354874.0,2117125700.0,,,Based on Nvidia fiscal quarters. Generated on 2026-09-24 17:33
China Nvidia H20 Q2 2024,Nvidia,China,H20,2024-04-01,2024-06-30,171625.0,223065,290186.0,25670.0,33364,43403.0,68.65,89.226,116.074,2059494479.0,2676774920.0,3482232194.0,,,Based on Nvidia fiscal quarters. Generated on 2026-09-24 17:33
CoreWeave Nvidia H100/H200 Q2 2024,Nvidia,CoreWeave,H100/H200,2024-04-01,2024-06-30,27437.0,38865,53657.0,27437.0,38865,53657.0,19.2059,27.2055,37.5599,685925000.0,971625000.0,1341425000.0,,,Generated on 2026-04-22 12:04 Converted from the percentile-only CSVs in owners_csv_export/coreweave/.
Google Nvidia H100/H200 Q2 2024,Nvidia,Google,H100/H200,2024-04-01,2024-06-30,46086.0,62510,83939.0,46086.0,62510,83939.0,32.26,43.757,58.757,1152152037.0,1562754883.0,2098478787.0,,,Based on Nvidia fiscal quarters. Generated on 2026-09-24 17:33
Meta Nvidia H100/H200 Q2 2024,Nvidia,Meta,H100/H200,2024-04-01,2024-06-30,63367.0,86299,116763.0,63367.0,86299,116763.0,44.357,60.409,81.734,1584166943.0,2157480767.0,2919063791.0,,,Based on Nvidia fiscal quarters. Generated on 2026-09-24 17:33
Microsoft Nvidia H100/H200 Q2 2024,Nvidia,Microsoft,H100/H200,2024-04-01,2024-06-30,120362.0,163588,222618.0,120362.0,163588,222618.0,84.254,114.512,155.833,3009060083.0,4089708618.0,5565459318.0,,,Based on Nvidia fiscal quarters. Generated on 2026-09-24 17:33
Oracle Nvidia H100/H200 Q2 2024,Nvidia,Oracle,H100/H200,2024-04-01,2024-06-30,27433.0,41633,62254.0,27433.0,41633,62254.0,19.203,29.143,43.578,685832895.0,1040815427.0,1556341451.0,,,Based on Nvidia fiscal quarters. Generated on 2026-09-24 17:33
Other Nvidia H100/H200 Q2 2024,Nvidia,Other,H100/H200,2024-04-01,2024-06-30,118002.0,181582,265107.0,118002.0,181582,265107.0,82.601946,127.107566,185.575119,2950050000.0,4539550000.0,6627675000.0,,,"Excludes Microsoft, Meta, Amazon, Google, Oracle, China, xAI, CoreWeave. Generated on 2026-04-22 11:57 Converted from the percentile-only CSVs in owners_csv_export/."
Amazon Nvidia H100/H200 Q3 2024,Nvidia,Amazon,H100/H200,2024-07-01,2024-09-30,56426.0,76628,103707.0,56426.0,76628,103707.0,39.498,53.64,72.595,1410660100.0,1915703069.0,2592685522.0,,,Based on Nvidia fiscal quarters. Generated on 2026-09-24 17:33
China Nvidia H20 Q3 2024,Nvidia,China,H20,2024-07-01,2024-09-30,209465.0,272247,354168.0,31330.0,40720,52973.0,83.786,108.899,141.667,2513583428.0,3266965338.0,4250014370.0,,,Based on Nvidia fiscal quarters. Generated on 2026-09-24 17:33
CoreWeave Nvidia H100/H200 Q3 2024,Nvidia,CoreWeave,H100/H200,2024-07-01,2024-09-30,40398.0,54232,70697.0,40398.0,54232,70697.0,28.2786,37.9624,49.4879,1009950000.0,1355800000.0,1767425000.0,,,Generated on 2026-04-22 12:04 Converted from the percentile-only CSVs in owners_csv_export/coreweave/.
Google Nvidia H100/H200 Q3 2024,Nvidia,Google,H100/H200,2024-07-01,2024-09-30,56176.0,76345,103575.0,56176.0,76345,103575.0,39.323,53.442,72.502,1404399809.0,1908634310.0,2589368947.0,,,Based on Nvidia fiscal quarters. Generated on 2026-09-24 17:33
Meta Nvidia H100/H200 Q3 2024,Nvidia,Meta,H100/H200,2024-07-01,2024-09-30,76778.0,105204,142153.0,76778.0,105204,142153.0,53.744,73.643,99.507,1919441564.0,2630097911.0,3553815773.0,,,Based on Nvidia fiscal quarters. Generated on 2026-09-24 17:33
Microsoft Nvidia H100/H200 Q3 2024,Nvidia,Microsoft,H100/H200,2024-07-01,2024-09-30,146565.0,199913,271303.0,146565.0,199913,271303.0,102.595,139.939,189.912,3664115211.0,4997833483.0,6782578467.0,,,Based on Nvidia fiscal quarters. Generated on 2026-09-24 17:33
Oracle Nvidia H100/H200 Q3 2024,Nvidia,Oracle,H100/H200,2024-07-01,2024-09-30,33738.0,50488,76124.0,33738.0,50488,76124.0,23.617,35.342,53.287,843451123.0,1262200194.0,1903099290.0,,,Based on Nvidia fiscal quarters. Generated on 2026-09-24 17:33
Other Nvidia H100/H200 Q3 2024,Nvidia,Other,H100/H200,2024-07-01,2024-09-30,37575.0,114289,214463.0,37575.0,114289,214463.0,26.302624,80.002874,150.124545,939375000.0,2857225000.0,5361575000.0,,,"Excludes Microsoft, Meta, Amazon, Google, Oracle, China, xAI, CoreWeave. Generated on 2026-04-22 11:57 Converted from the percentile-only CSVs in owners_csv_export/."
xAI Nvidia H100/H200 Q3 2024,Nvidia,xAI,H100/H200,2024-07-01,2024-09-30,,100000,,,100000,,,70.0,,,2500000000.0,,,https://epoch.ai/data/data-centers,
Amazon Nvidia B200 Q4 2024,Nvidia,Amazon,B200,2024-10-01,2024-12-31,19316.0,26574,37026.0,48802.0,67139,93548.0,23.179,31.888,44.432,714691101.0,983222662.0,1369975207.0,,,Based on Nvidia fiscal quarters. Generated on 2026-09-24 17:33
Amazon Nvidia H100/H200 Q4 2024,Nvidia,Amazon,H100/H200,2024-10-01,2024-12-31,59982.0,81759,109355.0,59982.0,81759,109355.0,41.987,57.231,76.549,1499539677.0,2043973901.0,2733881155.0,,,Based on Nvidia fiscal quarters. Generated on 2026-09-24 17:33
China Nvidia H20 Q4 2024,Nvidia,China,H20,2024-10-01,2024-12-31,249576.0,324380,421988.0,37329.0,48518,63117.0,99.83,129.752,168.795,2994914366.0,3892562832.0,5063857819.0,,,Based on Nvidia fiscal quarters. Generated on 2026-09-24 17:33
CoreWeave Nvidia H100/H200 Q4 2024,Nvidia,CoreWeave,H100/H200,2024-10-01,2024-12-31,58465.0,74319,91609.0,58465.0,74319,91609.0,40.9255,52.0233,64.1263,1461625000.0,1857975000.0,2290225000.0,,,Generated on 2026-04-22 12:04 Converted from the percentile-only CSVs in owners_csv_export/coreweave/.
Google Nvidia B200 Q4 2024,Nvidia,Google,B200,2024-10-01,2024-12-31,15636.0,21704,30105.0,39504.0,54835,76060.0,18.763,26.044,36.126,578519139.0,803032715.0,1113871222.0,,,Based on Nvidia fiscal quarters. Generated on 2026-09-24 17:33
Google Nvidia H100/H200 Q4 2024,Nvidia,Google,H100/H200,2024-10-01,2024-12-31,52036.0,70840,95282.0,52036.0,70840,95282.0,36.425,49.588,66.697,1300903898.0,1770987587.0,2382045307.0,,,Based on Nvidia fiscal quarters. Generated on 2026-09-24 17:33
Meta Nvidia B200 Q4 2024,Nvidia,Meta,B200,2024-10-01,2024-12-31,22696.0,31289,43657.0,57342.0,79052,110301.0,27.235,37.546,52.389,839755624.0,1157679753.0,1615314401.0,,,Based on Nvidia fiscal quarters. Generated on 2026-09-24 17:33
Meta Nvidia H100/H200 Q4 2024,Nvidia,Meta,H100/H200,2024-10-01,2024-12-31,73975.0,100694,135541.0,73975.0,100694,135541.0,51.782,70.486,94.878,1849369812.0,2517359914.0,3388516506.0,,,Based on Nvidia fiscal quarters. Generated on 2026-09-24 17:33
Microsoft Nvidia B200 Q4 2024,Nvidia,Microsoft,B200,2024-10-01,2024-12-31,40085.0,55416,77639.0,101276.0,140011,196158.0,48.102,66.5,93.167,1483150376.0,2050408666.0,2872652033.0,,,Based on Nvidia fiscal quarters. Generated on 2026-09-24 17:33
Microsoft Nvidia H100/H200 Q4 2024,Nvidia,Microsoft,H100/H200,2024-10-01,2024-12-31,134921.0,181935,248673.0,134921.0,181935,248673.0,94.445,127.354,174.071,3373025009.0,4548368767.0,6216826065.0,,,Based on Nvidia fiscal quarters. Generated on 2026-09-24 17:33
Oracle Nvidia B200 Q4 2024,Nvidia,Oracle,B200,2024-10-01,2024-12-31,10399.0,14938,21141.0,26273.0,37740,53413.0,12.479,17.925,25.369,384759207.0,552691568.0,782217051.0,,,Based on Nvidia fiscal quarters. Generated on 2026-09-24 17:33
Oracle Nvidia H100/H200 Q4 2024,Nvidia,Oracle,H100/H200,2024-10-01,2024-12-31,34097.0,48029,67764.0,34097.0,48029,67764.0,23.868,33.62,47.435,852435737.0,1200721632.0,1694109151.0,,,Based on Nvidia fiscal quarters. Generated on 2026-09-24 17:33
Other Nvidia B200 Q4 2024,Nvidia,Other,B200,2024-10-01,2024-12-31,24770.0,41962,70895.0,62583.0,106019,179118.0,29.724488,50.355158,85.074358,916490000.0,1552594000.0,2623115000.0,,,"Excludes Microsoft, Meta, Amazon, Google, Oracle, China, xAI, CoreWeave. Generated on 2026-04-22 11:57 Converted from the percentile-only CSVs in owners_csv_export/."
Other Nvidia H100/H200 Q4 2024,Nvidia,Other,H100/H200,2024-10-01,2024-12-31,42920.0,102930,188504.0,42920.0,102930,188504.0,30.044189,72.051055,131.952886,1073000000.0,2573250000.0,4712600000.0,,,"Excludes Microsoft, Meta, Amazon, Google, Oracle, China, xAI, CoreWeave. Generated on 2026-04-22 11:57 Converted from the percentile-only CSVs in owners_csv_export/."
xAI Nvidia H100/H200 Q4 2024,Nvidia,xAI,H100/H200,2024-10-01,2024-12-31,,0,,,0,,,0.0,,,0.0,,,https://epoch.ai/data/data-centers,
Amazon Nvidia B200 Q1 2025,Nvidia,Amazon,B200,2025-01-01,2025-03-31,50757.0,68942,94310.0,128240.0,174184,238277.0,60.909,82.731,113.172,1878019920.0,2550860883.0,3489470436.0,,,Based on Nvidia fiscal quarters. Generated on 2026-09-24 17:33
Amazon Nvidia H100/H200 Q1 2025,Nvidia,Amazon,H100/H200,2025-01-01,2025-03-31,32202.0,43643,58350.0,32202.0,43643,58350.0,22.541,30.55,40.845,805043541.0,1091073471.0,1458742814.0,,,Based on Nvidia fiscal quarters. Generated on 2026-09-24 17:33
China Nvidia H20 Q1 2025,Nvidia,China,H20,2025-01-01,2025-03-31,278272.0,361677,470508.0,41621.0,54096,70374.0,111.309,144.671,188.203,3339267832.0,4340127382.0,5646097168.0,,,Based on Nvidia fiscal quarters. Generated on 2026-09-24 17:33
CoreWeave Nvidia B200 Q1 2025,Nvidia,CoreWeave,B200,2025-01-01,2025-03-31,7134.0,8401,9767.0,18024.0,21225,24676.0,8.5608,10.0812,11.7204,263958000.0,310837000.0,361379000.0,,,Generated on 2026-04-22 12:04 Converted from the percentile-only CSVs in owners_csv_export/coreweave/.
CoreWeave Nvidia H100/H200 Q1 2025,Nvidia,CoreWeave,H100/H200,2025-01-01,2025-03-31,26199.0,28362,30321.0,26199.0,28362,30321.0,18.3393,19.8534,21.2247,654975000.0,709050000.0,758025000.0,,,Generated on 2026-04-22 12:04 Converted from the percentile-only CSVs in owners_csv_export/coreweave/.
Google Nvidia B200 Q1 2025,Nvidia,Google,B200,2025-01-01,2025-03-31,40767.0,56236,76744.0,103000.0,142081,193897.0,48.921,67.483,92.093,1508394923.0,2080716480.0,2839537886.0,,,Based on Nvidia fiscal quarters. Generated on 2026-09-24 17:33
Google Nvidia H100/H200 Q1 2025,Nvidia,Google,H100/H200,2025-01-01,2025-03-31,26273.0,35618,47705.0,26273.0,35618,47705.0,18.391,24.932,33.394,656829531.0,890440635.0,1192625478.0,,,Based on Nvidia fiscal quarters. Generated on 2026-09-24 17:33
Meta Nvidia B200 Q1 2025,Nvidia,Meta,B200,2025-01-01,2025-03-31,59912.0,81348,110764.0,151370.0,205527,279849.0,71.895,97.617,132.917,2216756261.0,3009858302.0,4098275096.0,,,Based on Nvidia fiscal quarters. Generated on 2026-09-24 17:33
Meta Nvidia H100/H200 Q1 2025,Nvidia,Meta,H100/H200,2025-01-01,2025-03-31,38147.0,51459,69393.0,38147.0,51459,69393.0,26.703,36.022,48.575,953665557.0,1286484000.0,1734814124.0,,,Based on Nvidia fiscal quarters. Generated on 2026-09-24 17:33
Microsoft Nvidia B200 Q1 2025,Nvidia,Microsoft,B200,2025-01-01,2025-03-31,97758.0,133542,181613.0,246988.0,337398,458851.0,117.309,160.25,217.936,3617041374.0,4941056766.0,6719687946.0,,,Based on Nvidia fiscal quarters. Generated on 2026-09-24 17:33
Microsoft Nvidia H100/H200 Q1 2025,Nvidia,Microsoft,H100/H200,2025-01-01,2025-03-31,64718.0,87109,118784.0,64718.0,87109,118784.0,45.302,60.976,83.149,1617939717.0,2177718737.0,2969602524.0,,,Based on Nvidia fiscal quarters. Generated on 2026-09-24 17:33
Oracle Nvidia B200 Q1 2025,Nvidia,Oracle,B200,2025-01-01,2025-03-31,35341.0,49232,68557.0,89289.0,124387,173211.0,42.409,59.079,82.268,1307604258.0,1821601325.0,2536603258.0,,,Based on Nvidia fiscal quarters. Generated on 2026-09-24 17:33
Oracle Nvidia H100/H200 Q1 2025,Nvidia,Oracle,H100/H200,2025-01-01,2025-03-31,20567.0,28222,38629.0,20567.0,28222,38629.0,14.397,19.756,27.04,514162618.0,705557000.0,965731611.0,,,Based on Nvidia fiscal quarters. Generated on 2026-09-24 17:33
Other Nvidia B200 Q1 2025,Nvidia,Other,B200,2025-01-01,2025-03-31,61554.0,104686,172687.0,155518.0,264494,436299.0,73.864835,125.624192,207.224609,2277498000.0,3873382000.0,6389419000.0,,,"Excludes Microsoft, Meta, Amazon, Google, Oracle, China, xAI, CoreWeave. Generated on 2026-04-22 11:57 Converted from the percentile-only CSVs in owners_csv_export/."
Other Nvidia H100/H200 Q1 2025,Nvidia,Other,H100/H200,2025-01-01,2025-03-31,0.0,0,0.0,0.0,0,0.0,0.0,0.0,0.0,0.0,0.0,0.0,,,"Excludes Microsoft, Meta, Amazon, Google, Oracle, China, xAI, CoreWeave. Other may be artificially low due to xAI timing. Generated on 2026-04-22 11:57 Converted from the percentile-only CSVs in owners_csv_export/."
xAI Nvidia H100/H200 Q1 2025,Nvidia,xAI,H100/H200,2025-01-01,2025-03-31,,100000,,,100000,,,70.0,,,2500000000.0,,,https://epoch.ai/data/data-centers,
Amazon Nvidia B200 Q2 2025,Nvidia,Amazon,B200,2025-04-01,2025-06-30,40069.0,53922,72308.0,101234.0,136235,182689.0,48.082,64.706,86.77,1482536714.0,1995109180.0,2675407715.0,,,Based on Nvidia fiscal quarters. Generated on 2026-09-24 17:33
Amazon Nvidia B300 Q2 2025,Nvidia,Amazon,B300,2025-04-01,2025-06-30,18163.0,25143,34870.0,45890.0,63524,88099.0,25.429,35.2,48.817,781026860.0,1081136907.0,1499394561.0,,,Based on Nvidia fiscal quarters. Generated on 2026-09-24 17:33
Amazon Nvidia H100/H200 Q2 2025,Nvidia,Amazon,H100/H200,2025-04-01,2025-06-30,20657.0,27805,37206.0,20657.0,27805,37206.0,14.46,19.463,26.044,516435881.0,695121538.0,930149851.0,,,Based on Nvidia fiscal quarters. Generated on 2026-09-24 17:33
China Nvidia H20 Q2 2025,Nvidia,China,H20,2025-04-01,2025-06-30,117481.0,152693,198639.0,17572.0,22838,29711.0,46.992,61.077,79.456,1409770836.0,1832313344.0,2383667176.0,,,Based on Nvidia fiscal quarters. Generated on 2026-09-24 17:33
CoreWeave Nvidia B200 Q2 2025,Nvidia,CoreWeave,B200,2025-04-01,2025-06-30,14576.0,16091,17704.0,36826.0,40654,44729.0,17.4912,19.3092,21.2448,539312000.0,595367000.0,655048000.0,,,Generated on 2026-04-22 12:04 Converted from the percentile-only CSVs in owners_csv_export/coreweave/.
CoreWeave Nvidia H100/H200 Q2 2025,Nvidia,CoreWeave,H100/H200,2025-04-01,2025-06-30,8432.0,10163,12101.0,8432.0,10163,12101.0,5.9024,7.1141,8.4707,210800000.0,254075000.0,302525000.0,,,Generated on 2026-04-22 12:04 Converted from the percentile-only CSVs in owners_csv_export/coreweave/.
Google Nvidia B200 Q2 2025,Nvidia,Google,B200,2025-04-01,2025-06-30,32825.0,44104,59545.0,82934.0,111430,150442.0,39.39,52.925,71.454,1214532495.0,1631849978.0,2203166542.0,,,Based on Nvidia fiscal quarters. Generated on 2026-09-24 17:33
Google Nvidia B300 Q2 2025,Nvidia,Google,B300,2025-04-01,2025-06-30,14782.0,20740,28585.0,37348.0,52400,72221.0,20.695,29.036,40.019,635640984.0,891825027.0,1229150230.0,,,Based on Nvidia fiscal quarters. Generated on 2026-09-24 17:33
Google Nvidia H100/H200 Q2 2025,Nvidia,Google,H100/H200,2025-04-01,2025-06-30,16884.0,22842,30634.0,16884.0,22842,30634.0,11.819,15.99,21.444,422097011.0,571060272.0,765857927.0,,,Based on Nvidia fiscal quarters. Generated on 2026-09-24 17:33
Meta Nvidia B200 Q2 2025,Nvidia,Meta,B200,2025-04-01,2025-06-30,47366.0,63705,85350.0,119673.0,160952,215639.0,56.84,76.446,102.42,1752557682.0,2357083482.0,3157946483.0,,,Based on Nvidia fiscal quarters. Generated on 2026-09-24 17:33
Meta Nvidia B300 Q2 2025,Nvidia,Meta,B300,2025-04-01,2025-06-30,21544.0,29806,41489.0,54433.0,75305,104822.0,30.162,41.728,58.084,926412291.0,1281643674.0,1784012868.0,,,Based on Nvidia fiscal quarters. Generated on 2026-09-24 17:33
Meta Nvidia H100/H200 Q2 2025,Nvidia,Meta,H100/H200,2025-04-01,2025-06-30,24233.0,32857,44458.0,24233.0,32857,44458.0,16.963,23.0,31.121,605831500.0,821424292.0,1111460905.0,,,Based on Nvidia fiscal quarters. Generated on 2026-09-24 17:33
Microsoft Nvidia B200 Q2 2025,Nvidia,Microsoft,B200,2025-04-01,2025-06-30,78521.0,105601,143263.0,198385.0,266805,361958.0,94.225,126.722,171.916,2905262145.0,3907254214.0,5300731965.0,,,Based on Nvidia fiscal quarters. Generated on 2026-09-24 17:33
Microsoft Nvidia B300 Q2 2025,Nvidia,Microsoft,B300,2025-04-01,2025-06-30,36299.0,50464,70617.0,91709.0,127498,178417.0,50.818,70.649,98.864,1560839339.0,2169937228.0,3036543492.0,,,Based on Nvidia fiscal quarters. Generated on 2026-09-24 17:33
Microsoft Nvidia H100/H200 Q2 2025,Nvidia,Microsoft,H100/H200,2025-04-01,2025-06-30,40516.0,54709,75014.0,40516.0,54709,75014.0,28.361,38.297,52.51,1012900536.0,1367735880.0,1875345944.0,,,Based on Nvidia fiscal quarters. Generated on 2026-09-24 17:33
Oracle Nvidia B200 Q2 2025,Nvidia,Oracle,B200,2025-04-01,2025-06-30,29444.0,41007,56880.0,74391.0,103605,143708.0,35.333,49.208,68.256,1089424235.0,1517253541.0,2104552551.0,,,Based on Nvidia fiscal quarters. Generated on 2026-09-24 17:33
Oracle Nvidia B300 Q2 2025,Nvidia,Oracle,B300,2025-04-01,2025-06-30,13394.0,19510,28668.0,33841.0,49291,72431.0,18.752,27.313,40.135,575950856.0,838909736.0,1232732406.0,,,Based on Nvidia fiscal quarters. Generated on 2026-09-24 17:33
Oracle Nvidia H100/H200 Q2 2025,Nvidia,Oracle,H100/H200,2025-04-01,2025-06-30,15186.0,21240,29851.0,15186.0,21240,29851.0,10.63,14.868,20.896,379656179.0,530990308.0,746284851.0,,,Based on Nvidia fiscal quarters. Generated on 2026-09-24 17:33
Other Nvidia B200 Q2 2025,Nvidia,Other,B200,2025-04-01,2025-06-30,63409.0,99582,150393.0,160205.0,251597,379973.0,76.091388,119.498668,180.472423,2346133000.0,3684534000.0,5564541000.0,,,"Excludes Microsoft, Meta, Amazon, Google, Oracle, China, xAI, CoreWeave. Generated on 2026-04-22 11:57 Converted from the percentile-only CSVs in owners_csv_export/."
Other Nvidia B300 Q2 2025,Nvidia,Other,B300,2025-04-01,2025-06-30,43607.0,62730,90382.0,110175.0,158491,228353.0,61.050227,87.823123,126.535278,1875101000.0,2697390000.0,3886426000.0,,,"Excludes Microsoft, Meta, Amazon, Google, Oracle, China, xAI, CoreWeave. Generated on 2026-04-22 11:57 Converted from the percentile-only CSVs in owners_csv_export/."
Other Nvidia H100/H200 Q2 2025,Nvidia,Other,H100/H200,2025-04-01,2025-06-30,33465.0,53171,80977.0,33465.0,53171,80977.0,23.425631,37.220201,56.684102,836625000.0,1329275000.0,2024425000.0,,,"Excludes Microsoft, Meta, Amazon, Google, Oracle, China, xAI, CoreWeave. Generated on 2026-04-22 11:57 Converted from the percentile-only CSVs in owners_csv_export/."
xAI Nvidia H100/H200 Q2 2025,Nvidia,xAI,H100/H200,2025-04-01,2025-06-30,,0,,,0,,,0.0,,,0.0,,,https://epoch.ai/data/data-centers,
Amazon Nvidia B200 Q3 2025,Nvidia,Amazon,B200,2025-07-01,2025-09-30,27823.0,37498,50648.0,70295.0,94741,127963.0,33.387,44.998,60.777,1029440903.0,1387436833.0,1873972551.0,,,Based on Nvidia fiscal quarters. Generated on 2026-09-24 17:33
Amazon Nvidia B300 Q3 2025,Nvidia,Amazon,B300,2025-07-01,2025-09-30,42140.0,57592,78987.0,106469.0,145507,199563.0,58.996,80.628,110.582,1812033904.0,2476446261.0,3396439331.0,,,Based on Nvidia fiscal quarters. Generated on 2026-09-24 17:33
Amazon Nvidia H100/H200 Q3 2025,Nvidia,Amazon,H100/H200,2025-07-01,2025-09-30,10502.0,14179,18920.0,10502.0,14179,18920.0,7.352,9.925,13.244,262556657.0,354467000.0,472989940.0,,,Based on Nvidia fiscal quarters. Generated on 2026-09-24 17:33
China Nvidia H20 Q3 2025,Nvidia,China,H20,2025-07-01,2025-09-30,13170.0,17118,22268.0,1970.0,2560,3331.0,5.268,6.847,8.907,158041327.0,205410145.0,267219262.0,,,Based on Nvidia fiscal quarters. Generated on 2026-09-24 17:33
CoreWeave Nvidia B200 Q3 2025,Nvidia,CoreWeave,B200,2025-07-01,2025-09-30,21722.0,26940,35175.0,54881.0,68064,88870.0,26.0664,32.328,42.21,803714000.0,996780000.0,1301475000.0,,,Generated on 2026-04-22 12:04 Converted from the percentile-only CSVs in owners_csv_export/coreweave/.
CoreWeave Nvidia B300 Q3 2025,Nvidia,CoreWeave,B300,2025-07-01,2025-09-30,6339.0,18135,24949.0,16015.0,45818,63034.0,8.8746,25.389,34.9286,272577000.0,779805000.0,1072807000.0,,,Generated on 2026-04-22 12:04 Converted from the percentile-only CSVs in owners_csv_export/coreweave/.
CoreWeave Nvidia H100/H200 Q3 2025,Nvidia,CoreWeave,H100/H200,2025-07-01,2025-09-30,9447.0,13330,20824.0,9447.0,13330,20824.0,6.6129,9.331,14.5768,236175000.0,333250000.0,520600000.0,,,Generated on 2026-04-22 12:04 Converted from the percentile-only CSVs in owners_csv_export/coreweave/.
Google Nvidia B200 Q3 2025,Nvidia,Google,B200,2025-07-01,2025-09-30,22582.0,30359,40901.0,57055.0,76702,103338.0,27.099,36.43,49.082,835549493.0,1123267489.0,1513346352.0,,,Based on Nvidia fiscal quarters. Generated on 2026-09-24 17:33
Google Nvidia B300 Q3 2025,Nvidia,Google,B300,2025-07-01,2025-09-30,34086.0,46554,63150.0,86119.0,117619,159551.0,47.72,65.175,88.411,1465699386.0,2001810196.0,2715470166.0,,,Based on Nvidia fiscal quarters. Generated on 2026-09-24 17:33
Google Nvidia H100/H200 Q3 2025,Nvidia,Google,H100/H200,2025-07-01,2025-09-30,8581.0,11540,15431.0,8581.0,11540,15431.0,6.007,8.078,10.802,214522159.0,288504464.0,385785824.0,,,Based on Nvidia fiscal quarters. Generated on 2026-09-24 17:33
Meta Nvidia B200 Q3 2025,Nvidia,Meta,B200,2025-07-01,2025-09-30,35234.0,47484,64310.0,89019.0,119969,162480.0,42.281,56.981,77.171,1303649282.0,1756899021.0,2379451991.0,,,Based on Nvidia fiscal quarters. Generated on 2026-09-24 17:33
Meta Nvidia B300 Q3 2025,Nvidia,Meta,B300,2025-07-01,2025-09-30,53879.0,73903,101391.0,136127.0,186718,256167.0,75.43,103.464,141.947,2316792398.0,3177823629.0,4359805490.0,,,Based on Nvidia fiscal quarters. Generated on 2026-09-24 17:33
Meta Nvidia H100/H200 Q3 2025,Nvidia,Meta,H100/H200,2025-07-01,2025-09-30,12982.0,17482,23710.0,12982.0,17482,23710.0,9.087,12.238,16.597,324538972.0,437053719.0,592749308.0,,,Based on Nvidia fiscal quarters. Generated on 2026-09-24 17:33
Microsoft Nvidia B200 Q3 2025,Nvidia,Microsoft,B200,2025-07-01,2025-09-30,57126.0,77800,104426.0,144330.0,196563,263835.0,68.551,93.36,125.311,2113661942.0,2878590797.0,3863758430.0,,,Based on Nvidia fiscal quarters. Generated on 2026-09-24 17:33
Microsoft Nvidia B300 Q3 2025,Nvidia,Microsoft,B300,2025-07-01,2025-09-30,87511.0,120746,164993.0,221100.0,305069,416859.0,122.516,169.045,230.99,3762992133.0,5192089119.0,7094688036.0,,,Based on Nvidia fiscal quarters. Generated on 2026-09-24 17:33
Microsoft Nvidia H100/H200 Q3 2025,Nvidia,Microsoft,H100/H200,2025-07-01,2025-09-30,21392.0,29014,39145.0,21392.0,29014,39145.0,14.975,20.31,27.402,534809242.0,725349226.0,978625839.0,,,Based on Nvidia fiscal quarters. Generated on 2026-09-24 17:33
Oracle Nvidia B200 Q3 2025,Nvidia,Oracle,B200,2025-07-01,2025-09-30,21766.0,30139,41479.0,54993.0,76147,104798.0,26.119,36.167,49.775,805350069.0,1115139708.0,1534725368.0,,,Based on Nvidia fiscal quarters. Generated on 2026-09-24 17:33
Oracle Nvidia B300 Q3 2025,Nvidia,Oracle,B300,2025-07-01,2025-09-30,33522.0,46590,65461.0,84695.0,117710,165388.0,46.931,65.225,91.645,1441455059.0,2003349257.0,2814808352.0,,,Based on Nvidia fiscal quarters. Generated on 2026-09-24 17:33
Oracle Nvidia H100/H200 Q3 2025,Nvidia,Oracle,H100/H200,2025-07-01,2025-09-30,8090.0,11186,15578.0,8090.0,11186,15578.0,5.663,7.83,10.905,202251232.0,279653694.0,389451434.0,,,Based on Nvidia fiscal quarters. Generated on 2026-09-24 17:33
Other Nvidia B200 Q3 2025,Nvidia,Other,B200,2025-07-01,2025-09-30,0.0,0,0.0,0.0,0,0.0,0.0,0.0,0.0,0.0,0.0,0.0,,,"Excludes Microsoft, Meta, Amazon, Google, Oracle, China, xAI, CoreWeave. Other may be artificially low due to xAI timing. Generated on 2026-04-22 11:57 Converted from the percentile-only CSVs in owners_csv_export/."
Other Nvidia B300 Q3 2025,Nvidia,Other,B300,2025-07-01,2025-09-30,122497.0,171864,236487.0,309493.0,434219,597493.0,171.496457,240.609645,331.082956,5267371000.0,7390152000.0,10168941000.0,,,"Excludes Microsoft, Meta, Amazon, Google, Oracle, China, xAI, CoreWeave. Generated on 2026-04-22 11:57 Converted from the percentile-only CSVs in owners_csv_export/."
Other Nvidia H100/H200 Q3 2025,Nvidia,Other,H100/H200,2025-07-01,2025-09-30,13068.0,26500,42906.0,13068.0,26500,42906.0,9.148232,18.550277,30.034574,326700000.0,662500000.0,1072650000.0,,,"Excludes Microsoft, Meta, Amazon, Google, Oracle, China, xAI, CoreWeave. Generated on 2026-04-22 11:57 Converted from the percentile-only CSVs in owners_csv_export/."
xAI Nvidia B200 Q3 2025,Nvidia,xAI,B200,2025-07-01,2025-09-30,,140000,,,353713,,,168.0,,,5180000000.0,,,https://epoch.ai/data/data-centers,
xAI Nvidia H100/H200 Q3 2025,Nvidia,xAI,H100/H200,2025-07-01,2025-09-30,,0,,,0,,,0.0,,,0.0,,,https://epoch.ai/data/data-centers,
Amazon Nvidia B200 Q4 2025,Nvidia,Amazon,B200,2025-10-01,2025-12-31,27400.0,36949,50271.0,69227.0,93353,127011.0,32.88,44.339,60.325,1013797624.0,1367118274.0,1860024036.0,,,Based on Nvidia fiscal quarters. Generated on 2026-09-24 17:33
Amazon Nvidia B300 Q4 2025,Nvidia,Amazon,B300,2025-10-01,2025-12-31,48665.0,66012,89549.0,122952.0,166782,226247.0,68.13,92.417,125.368,2092576010.0,2838527530.0,3850588362.0,,,Based on Nvidia fiscal quarters. Generated on 2026-09-24 17:33
Amazon Nvidia H100/H200 Q4 2025,Nvidia,Amazon,H100/H200,2025-10-01,2025-12-31,1745.0,2432,3382.0,1745.0,2432,3382.0,1.221,1.702,2.367,43621799.0,60794456.0,84545975.0,,,Based on Nvidia fiscal quarters. Generated on 2026-09-24 17:33
CoreWeave Nvidia B200 Q4 2025,Nvidia,CoreWeave,B200,2025-10-01,2025-12-31,44871.0,51928,60382.0,113367.0,131196,152555.0,53.8452,62.3136,72.4584,1660227000.0,1921336000.0,2234134000.0,,,Includes Q1 2026 pre-purchased inventory (GPUs held but not yet deployed); prior quarters count deployed chips only. Generated on 2026-04-22 12:04 Converted from the percentile-only CSVs in owners_csv_export/coreweave/.
CoreWeave Nvidia B300 Q4 2025,Nvidia,CoreWeave,B300,2025-10-01,2025-12-31,78372.0,88471,99497.0,198007.0,223522,251379.0,109.7208,123.8594,139.2958,3369996000.0,3804253000.0,4278371000.0,,,Includes Q1 2026 pre-purchased inventory (GPUs held but not yet deployed); prior quarters count deployed chips only. Generated on 2026-04-22 12:04 Converted from the percentile-only CSVs in owners_csv_export/coreweave/.
CoreWeave Nvidia H100/H200 Q4 2025,Nvidia,CoreWeave,H100/H200,2025-10-01,2025-12-31,4841.0,7406,13134.0,4841.0,7406,13134.0,3.3887,5.1842,9.1938,121025000.0,185150000.0,328350000.0,,,Includes Q1 2026 pre-purchased inventory (GPUs held but not yet deployed); prior quarters count deployed chips only. Generated on 2026-04-22 12:04 Converted from the percentile-only CSVs in owners_csv_export/coreweave/.
Google Nvidia B200 Q4 2025,Nvidia,Google,B200,2025-10-01,2025-12-31,23380.0,31624,42797.0,59071.0,79899,108129.0,28.056,37.949,51.357,865067458.0,1170087752.0,1583507127.0,,,Based on Nvidia fiscal quarters. Generated on 2026-09-24 17:33
Google Nvidia B300 Q4 2025,Nvidia,Google,B300,2025-10-01,2025-12-31,41708.0,56517,76440.0,105377.0,142791,193127.0,58.392,79.124,107.016,1793454538.0,2430224332.0,3286908580.0,,,Based on Nvidia fiscal quarters. Generated on 2026-09-24 17:33
Google Nvidia H100/H200 Q4 2025,Nvidia,Google,H100/H200,2025-10-01,2025-12-31,1409.0,1942,2712.0,1409.0,1942,2712.0,0.986,1.359,1.898,35214840.0,48542087.0,67790280.0,,,Based on Nvidia fiscal quarters. Generated on 2026-09-24 17:33
Meta Nvidia B200 Q4 2025,Nvidia,Meta,B200,2025-10-01,2025-12-31,39529.0,53621,72924.0,99872.0,135475,184245.0,47.435,64.345,87.509,1462578459.0,1983972069.0,2698192854.0,,,Based on Nvidia fiscal quarters. Generated on 2026-09-24 17:33
Meta Nvidia B300 Q4 2025,Nvidia,Meta,B300,2025-10-01,2025-12-31,69932.0,95676,129852.0,176686.0,241727,328075.0,97.905,133.946,181.793,3007088514.0,4114055730.0,5583640482.0,,,Based on Nvidia fiscal quarters. Generated on 2026-09-24 17:33
Meta Nvidia H100/H200 Q4 2025,Nvidia,Meta,H100/H200,2025-10-01,2025-12-31,2268.0,3156,4407.0,2268.0,3156,4407.0,1.587,2.209,3.085,56692223.0,78909257.0,110169820.0,,,Based on Nvidia fiscal quarters. Generated on 2026-09-24 17:33
Microsoft Nvidia B200 Q4 2025,Nvidia,Microsoft,B200,2025-10-01,2025-12-31,62609.0,84934,115248.0,158185.0,214588,291178.0,75.131,101.921,138.298,2316551312.0,3142551322.0,4264190953.0,,,Based on Nvidia fiscal quarters. Generated on 2026-09-24 17:33
Microsoft Nvidia B300 Q4 2025,Nvidia,Microsoft,B300,2025-10-01,2025-12-31,112710.0,151554,205434.0,284766.0,382905,519035.0,157.795,212.176,287.608,4846549794.0,6516820702.0,8833670121.0,,,Based on Nvidia fiscal quarters. Generated on 2026-09-24 17:33
Microsoft Nvidia H100/H200 Q4 2025,Nvidia,Microsoft,H100/H200,2025-10-01,2025-12-31,3653.0,5144,7112.0,3653.0,5144,7112.0,2.557,3.6,4.979,91330517.0,128588229.0,177804723.0,,,Based on Nvidia fiscal quarters. Generated on 2026-09-24 17:33
Oracle Nvidia B200 Q4 2025,Nvidia,Oracle,B200,2025-10-01,2025-12-31,22644.0,31966,45353.0,57210.0,80763,114587.0,27.172,38.359,54.424,837814040.0,1182738189.0,1678077801.0,,,Based on Nvidia fiscal quarters. Generated on 2026-09-24 17:33
Oracle Nvidia B300 Q4 2025,Nvidia,Oracle,B300,2025-10-01,2025-12-31,40706.0,56768,81480.0,102845.0,143425,205861.0,56.989,79.475,114.072,1750362328.0,2441012071.0,3503631484.0,,,Based on Nvidia fiscal quarters. Generated on 2026-09-24 17:33
Oracle Nvidia H100/H200 Q4 2025,Nvidia,Oracle,H100/H200,2025-10-01,2025-12-31,1408.0,1983,2810.0,1408.0,1983,2810.0,0.986,1.388,1.967,35203629.0,49568946.0,70255089.0,,,Based on Nvidia fiscal quarters. Generated on 2026-09-24 17:33
Other Nvidia B200 Q4 2025,Nvidia,Other,B200,2025-10-01,2025-12-31,80561.0,120928,169867.0,203539.0,305528,429175.0,96.67329,145.113875,203.841017,2980757000.0,4474336000.0,6285079000.0,,,"Excludes Microsoft, Meta, Amazon, Google, Oracle, China, xAI, CoreWeave. Generated on 2026-04-22 11:57 Converted from the percentile-only CSVs in owners_csv_export/."
Other Nvidia B300 Q4 2025,Nvidia,Other,B300,2025-10-01,2025-12-31,149655.0,217084,300733.0,378109.0,548470,759812.0,209.517964,303.918257,421.027405,6435165000.0,9334612000.0,12931519000.0,,,"Excludes Microsoft, Meta, Amazon, Google, Oracle, China, xAI, CoreWeave. Generated on 2026-04-22 11:57 Converted from the percentile-only CSVs in owners_csv_export/."
Other Nvidia H100/H200 Q4 2025,Nvidia,Other,H100/H200,2025-10-01,2025-12-31,0.0,243,11111.0,0.0,243,11111.0,0.0,0.170409,7.778107,0.0,6075000.0,277775000.0,,,"Excludes Microsoft, Meta, Amazon, Google, Oracle, China, xAI, CoreWeave. Generated on 2026-04-22 11:57 Converted from the percentile-only CSVs in owners_csv_export/."
xAI Nvidia B200 Q4 2025,Nvidia,xAI,B200,2025-10-01,2025-12-31,,0,,,0,,,0.0,,,0.0,,,https://epoch.ai/data/data-centers,
xAI Nvidia H100/H200 Q4 2025,Nvidia,xAI,H100/H200,2025-10-01,2025-12-31,,0,,,0,,,0.0,,,0.0,,,https://epoch.ai/data/data-centers,
Amazon Nvidia B200 Q1 2026,Nvidia,Amazon,B200,2026-01-01,2026-03-31,7372.0,10173,14133.0,18626.0,25704,35707.0,8.847,12.208,16.959,272770249.0,376418758.0,522916520.0,true,,Based on Nvidia fiscal quarters. Generated on 2026-09-24 17:33
Amazon Nvidia B300 Q1 2026,Nvidia,Amazon,B300,2026-01-01,2026-03-31,12868.0,17796,24816.0,32512.0,44962,62698.0,18.016,24.914,34.742,553333554.0,765224201.0,1067074024.0,true,,Based on Nvidia fiscal quarters. Generated on 2026-09-24 17:33
Google Nvidia B200 Q1 2026,Nvidia,Google,B200,2026-01-01,2026-03-31,6420.0,8909,12347.0,16220.0,22509,31194.0,7.704,10.691,14.816,237538111.0,329632023.0,456825988.0,true,,Based on Nvidia fiscal quarters. Generated on 2026-09-24 17:33
Google Nvidia B300 Q1 2026,Nvidia,Google,B300,2026-01-01,2026-03-31,11173.0,15648,21753.0,28229.0,39534,54959.0,15.642,21.907,30.454,480436999.0,672850676.0,935376852.0,true,,Based on Nvidia fiscal quarters. Generated on 2026-09-24 17:33
Meta Nvidia B200 Q1 2026,Nvidia,Meta,B200,2026-01-01,2026-03-31,10978.0,15300,21186.0,27737.0,38655,53528.0,13.174,18.36,25.424,406191777.0,566090137.0,783897359.0,true,,Based on Nvidia fiscal quarters. Generated on 2026-09-24 17:33
Meta Nvidia B300 Q1 2026,Nvidia,Meta,B300,2026-01-01,2026-03-31,19209.0,26892,37241.0,48533.0,67944,94089.0,26.893,37.649,52.137,826007952.0,1156357732.0,1601345722.0,true,,Based on Nvidia fiscal quarters. Generated on 2026-09-24 17:33
Microsoft Nvidia B200 Q1 2026,Nvidia,Microsoft,B200,2026-01-01,2026-03-31,17455.0,24153,33389.0,44101.0,61022,84357.0,20.946,28.983,40.066,645844528.0,893648971.0,1235376984.0,true,,Based on Nvidia fiscal quarters. Generated on 2026-09-24 17:33
Microsoft Nvidia B300 Q1 2026,Nvidia,Microsoft,B300,2026-01-01,2026-03-31,30587.0,42261,58904.0,77279.0,106775,148822.0,42.822,59.166,82.466,1315234405.0,1817238280.0,2532869529.0,true,,Based on Nvidia fiscal quarters. Generated on 2026-09-24 17:33
Oracle Nvidia B200 Q1 2026,Nvidia,Oracle,B200,2026-01-01,2026-03-31,6141.0,8945,13253.0,15515.0,22601,33485.0,7.369,10.734,15.904,227209600.0,330975620.0,490372238.0,true,,Based on Nvidia fiscal quarters. Generated on 2026-09-24 17:33
Oracle Nvidia B300 Q1 2026,Nvidia,Oracle,B300,2026-01-01,2026-03-31,10738.0,15692,23323.0,27130.0,39646,58926.0,15.034,21.968,32.652,461743375.0,674743708.0,1002883013.0,true,,Based on Nvidia fiscal quarters. Generated on 2026-09-24 17:33
Other Nvidia B200 Q1 2026,Nvidia,Other,B200,2026-01-01,2026-03-31,40626.0,52158,67000.0,102642.0,131780,169277.0,48.751285,62.59029,80.400228,1503162000.0,1929846000.0,2479000000.0,true,,"Excludes Microsoft, Meta, Amazon, Google, Oracle, China, xAI, CoreWeave. Incomplete: based on Nvidia fiscal quarters ending 1/25/2026. Generated on 2026-04-22 11:57 Converted from the percentile-only CSVs in owners_csv_export/."
Other Nvidia B300 Q1 2026,Nvidia,Other,B300,2026-01-01,2026-03-31,65968.0,90936,120222.0,166672.0,229753,303745.0,92.356302,127.310756,168.311254,2836624000.0,3910248000.0,5169546000.0,true,,"Excludes Microsoft, Meta, Amazon, Google, Oracle, China, xAI, CoreWeave. Incomplete: based on Nvidia fiscal quarters ending 1/25/2026. Generated on 2026-04-22 11:57 Converted from the percentile-only CSVs in owners_csv_export/."
