Name,Designer,Series start date,End date,Number of units (5th percentile),Number of units (median),Number of units (95th percentile),H100e (5th percentile),H100e (median),H100e (95th percentile),Power (MW) (5th percentile),Power (MW) (median),Power (MW) (95th percentile),Cost (USD) (5th percentile),Cost (USD) (median),Cost (USD) (95th percentile),Incomplete,Source,Notes
AMD cumulative Q1 2024 through Q1 2024,AMD,2024-01-01,2024-03-31,52257.0,69135,88830.0,40892.0,55200,74032.0,33.472,44.211,56.969,581572357.0,766011025.0,988408427.0,,,Generated on 2026-09-24 17:33
AMD cumulative Q1 2024 through Q2 2024,AMD,2024-01-01,2024-06-30,135751.0,167271,204221.0,139882.0,173975,215297.0,94.618,116.305,142.01,1548969463.0,1914763277.0,2346561378.0,,,Generated on 2026-09-24 17:33
AMD cumulative Q1 2024 through Q3 2024,AMD,2024-01-01,2024-09-30,259042.0,311026,370130.0,284287.0,344149,413038.0,186.037,223.397,266.119,2842856484.0,3442712554.0,4147407882.0,,,Generated on 2026-09-24 17:33
AMD cumulative Q1 2024 through Q4 2024,AMD,2024-01-01,2024-12-31,404633.0,482651,569882.0,456659.0,549727,653065.0,294.797,351.882,415.362,4374078421.0,5272528600.0,6300367254.0,,,Generated on 2026-09-24 17:33
AMD cumulative Q1 2024 through Q1 2025,AMD,2024-01-01,2025-03-31,504678.0,607455,720705.0,587825.0,712235,851570.0,376.17,453.686,538.678,5680232745.0,6895830281.0,8269166919.0,,,Generated on 2026-09-24 17:33
AMD cumulative Q1 2024 through Q2 2025,AMD,2024-01-01,2025-06-30,569309.0,685200,817740.0,675699.0,820425,983592.0,431.018,519.85,621.488,6558879998.0,7982042004.0,9620519759.0,,,Generated on 2026-09-24 17:33
AMD cumulative Q1 2024 through Q3 2025,AMD,2024-01-01,2025-09-30,668562.0,801451,949954.0,856331.0,1025015,1214302.0,525.423,629.624,744.684,8382855247.0,10073653862.0,11967766985.0,,,Generated on 2026-09-24 17:33
AMD cumulative Q1 2024 through Q4 2025,AMD,2024-01-01,2025-12-31,789671.0,931168,1089638.0,1060417.0,1245260,1456575.0,649.935,762.74,891.018,10806598124.0,12651881561.0,14772686095.0,,,Generated on 2026-09-24 17:33
AMD cumulative Q1 2024 through Q1 2026,AMD,2024-01-01,2026-03-31,887932.0,1039119,1207438.0,1274142.0,1476712,1703510.0,763.244,885.025,1023.042,13063157135.0,15080904585.0,17377163316.0,,,Generated on 2026-09-24 17:33
AMD cumulative Q1 2024 through Q2 2026,AMD,2024-01-01,2026-06-30,998359.0,1159298,1337307.0,1514518.0,1739009,1988775.0,892.41,1027.282,1180.829,15602268304.0,17861115396.0,20398633956.0,,,Generated on 2026-09-24 17:33
Amazon cumulative Q1 2024 through Q1 2024,Amazon,2024-01-01,2024-03-31,62977.0,125513,265016.0,18426.0,32836,62884.0,21.275,40.46,82.399,,,,,,Generated on 2026-09-24 17:33
Amazon cumulative Q1 2024 through Q2 2024,Amazon,2024-01-01,2024-06-30,143179.0,270424,549213.0,47616.0,78231,138875.0,51.072,90.319,174.46,,,,,,Generated on 2026-09-24 17:33
Amazon cumulative Q1 2024 through Q3 2024,Amazon,2024-01-01,2024-09-30,265876.0,461032,881871.0,101612.0,154207,246659.0,101.599,163.465,291.538,,,,,,Generated on 2026-09-24 17:33
Amazon cumulative Q1 2024 through Q4 2024,Amazon,2024-01-01,2024-12-31,489708.0,766740,1333607.0,212810.0,306331,438613.0,198.985,294.732,466.954,,,,,,Generated on 2026-09-24 17:33
Amazon cumulative Q1 2024 through Q1 2025,Amazon,2024-01-01,2025-03-31,707123.0,981511,1544447.0,357295.0,445742,576176.0,307.937,400.999,572.688,,,,,,Generated on 2026-09-24 17:33
Amazon cumulative Q1 2024 through Q2 2025,Amazon,2024-01-01,2025-06-30,953421.0,1226824,1792386.0,520166.0,608628,738598.0,432.453,524.512,698.087,,,,,,Generated on 2026-09-24 17:33
Amazon cumulative Q1 2024 through Q3 2025,Amazon,2024-01-01,2025-09-30,1237506.0,1517200,2078956.0,701271.0,799374,933147.0,571.481,669.925,843.262,,,,,,Generated on 2026-09-24 17:33
Amazon cumulative Q1 2024 through Q4 2025,Amazon,2024-01-01,2025-12-31,1559233.0,1856964,2421792.0,907526.0,1020728,1164343.0,730.061,840.047,1016.39,,,,,,Generated on 2026-09-24 17:33
Cambricon cumulative Q1 2024 through Q1 2024,Cambricon,2024-01-01,2024-03-31,525.0,547,591.0,136.0,141,153.0,0.105,0.1094,0.1182,,,,,,Generated on 2026-03-24 13:30; quarterly allocation proportional to reported quarterly revenue
Cambricon cumulative Q1 2024 through Q2 2024,Cambricon,2024-01-01,2024-06-30,1324.0,1379,1490.0,343.0,357,386.0,0.2648,0.2758,0.298,,,,,,Generated on 2026-03-24 13:30; quarterly allocation proportional to reported quarterly revenue
Cambricon cumulative Q1 2024 through Q3 2024,Cambricon,2024-01-01,2024-09-30,3786.0,3944,4260.0,980.0,1020,1102.0,0.7572,0.7888,0.852,,,,,,Generated on 2026-03-24 13:30; quarterly allocation proportional to reported quarterly revenue
Cambricon cumulative Q1 2024 through Q4 2024,Cambricon,2024-01-01,2024-12-31,24000.0,25000,27000.0,6209.0,6468,6985.0,4.8,5.0,5.4,,,,,,Generated on 2026-03-24 13:30; quarterly allocation proportional to reported quarterly revenue
Cambricon cumulative Q1 2024 through Q1 2025,Cambricon,2024-01-01,2025-03-31,41106.0,43817,52659.0,10634.0,11335,13623.0,8.2212,8.7634,10.5318,,,,,,Generated on 2026-03-24 13:30; quarterly allocation proportional to reported quarterly revenue
Cambricon cumulative Q1 2024 through Q2 2025,Cambricon,2024-01-01,2025-06-30,68336.0,73770,93504.0,17681.0,19084,24190.0,13.6672,14.754,18.7008,,,,,,Generated on 2026-03-24 13:30; quarterly allocation proportional to reported quarterly revenue
Cambricon cumulative Q1 2024 through Q3 2025,Cambricon,2024-01-01,2025-09-30,94914.0,103005,133370.0,24556.0,26647,34503.0,18.9828,20.601,26.674,,,,,,Generated on 2026-03-24 13:30; quarterly allocation proportional to reported quarterly revenue
Cambricon cumulative Q1 2024 through Q4 2025,Cambricon,2024-01-01,2025-12-31,124000.0,135000,177000.0,32079.0,34925,45788.0,24.8,27.0,35.4,,,,,,Generated on 2026-03-24 13:30; quarterly allocation proportional to reported quarterly revenue
Google cumulative Q4 2022 through Q4 2022,Google,2022-10-01,2022-12-31,78992.0,103395,131858.0,10574.0,13890,17717.0,22.753,29.818,38.296,243368863.0,319090466.0,407685266.0,,,Based on Broadcom fiscal quarters. Generated on 2026-09-24 17:32
Google cumulative Q4 2022 through Q1 2023,Google,2022-10-01,2023-03-31,209891.0,272612,343726.0,30128.0,39082,49314.0,62.199,81.256,103.165,661101999.0,860381361.0,1088914905.0,,,Based on Broadcom fiscal quarters. Generated on 2026-09-24 17:32
Google cumulative Q4 2022 through Q2 2023,Google,2022-10-01,2023-06-30,359105.0,461699,577648.0,55982.0,72457,91058.0,101.797,131.642,165.276,1105899635.0,1426006446.0,1788300623.0,,,Based on Broadcom fiscal quarters. Generated on 2026-09-24 17:32
Google cumulative Q4 2022 through Q3 2023,Google,2022-10-01,2023-09-30,557019.0,723519,905857.0,94714.0,123591,156451.0,148.621,192.029,240.23,1665575518.0,2159339313.0,2701490849.0,,,Based on Broadcom fiscal quarters. Generated on 2026-09-24 17:32
Google cumulative Q4 2022 through Q4 2023,Google,2022-10-01,2023-12-31,860675.0,1125735,1421548.0,157861.0,207435,263699.0,221.425,287.559,360.175,2554828223.0,3323931107.0,4179961749.0,,,Based on Broadcom fiscal quarters. Generated on 2026-09-24 17:32
Google cumulative Q4 2022 through Q1 2024,Google,2022-10-01,2024-03-31,1241353.0,1630958,2061693.0,252462.0,330164,415000.0,330.915,427.043,533.94,3851886013.0,4992686992.0,6255724607.0,,,Based on Broadcom fiscal quarters. Generated on 2026-09-24 17:32
Google cumulative Q4 2022 through Q2 2024,Google,2022-10-01,2024-06-30,1646751.0,2155648,2716785.0,365087.0,473283,590302.0,461.081,591.136,733.582,5367354482.0,6924268214.0,8623653944.0,,,Based on Broadcom fiscal quarters. Generated on 2026-09-24 17:32
Google cumulative Q4 2022 through Q3 2024,Google,2022-10-01,2024-09-30,2084157.0,2718174,3420621.0,515443.0,659794,814329.0,607.113,775.886,953.531,7077449490.0,9078515215.0,11200601020.0,,,Based on Broadcom fiscal quarters. Generated on 2026-09-24 17:32
Google cumulative Q4 2022 through Q4 2024,Google,2022-10-01,2024-12-31,2579490.0,3335680,4166931.0,747173.0,947406,1152508.0,775.787,985.89,1205.508,9000002231.0,11476538771.0,14080958069.0,,,Based on Broadcom fiscal quarters. Generated on 2026-09-24 17:32
Google cumulative Q4 2022 through Q1 2025,Google,2022-10-01,2025-03-31,3090291.0,3933005,4864818.0,1113257.0,1394058,1676878.0,965.119,1215.688,1473.021,11136063357.0,14040332881.0,17072099433.0,,,Based on Broadcom fiscal quarters. Generated on 2026-09-24 17:32
Google cumulative Q4 2022 through Q2 2025,Google,2022-10-01,2025-06-30,3674823.0,4630037,5669644.0,1617844.0,2023650,2431414.0,1191.036,1484.845,1792.019,13606294294.0,17011088672.0,20564975188.0,,,Based on Broadcom fiscal quarters. Generated on 2026-09-24 17:32
Google cumulative Q4 2022 through Q3 2025,Google,2022-10-01,2025-09-30,4330044.0,5423540,6592274.0,2261576.0,2832458,3386714.0,1461.114,1814.972,2175.772,16733063090.0,20810984338.0,24983383586.0,,,Based on Broadcom fiscal quarters. Generated on 2026-09-24 17:32
Google cumulative Q4 2022 through Q4 2025,Google,2022-10-01,2025-12-31,4829685.0,6015479,7293762.0,2943126.0,3663628,4357512.0,1749.025,2159.098,2576.496,20489761410.0,25245389055.0,30106559170.0,,,Based on Broadcom fiscal quarters. Generated on 2026-09-24 17:32
Google cumulative Q4 2022 through Q1 2026,Google,2022-10-01,2026-03-31,5188950.0,6472678,7815189.0,3651880.0,4515701,5357970.0,2040.0,2507.928,2984.568,24510897467.0,30133149634.0,35837541300.0,,,Based on Broadcom fiscal quarters. Generated on 2026-09-24 17:32
Google cumulative Q4 2022 through Q2 2026,Google,2022-10-01,2026-06-30,5322601.0,6635025,8004385.0,3915339.0,4837124,5739552.0,2147.642,2642.204,3139.325,26076326798.0,32017901888.0,38017567081.0,true,,Based on Broadcom fiscal quarters. Generated on 2026-09-24 17:32
Huawei cumulative Q1 2024 through Q1 2024,Huawei,2024-01-01,2024-03-31,,112500,,,45028,,,49.0,,1437500000.0,1750000000.0,2375000000.0,,, Cost interval summed from per-chip intervals.
Huawei cumulative Q1 2024 through Q2 2024,Huawei,2024-01-01,2024-06-30,,225000,,,90056,,,98.0,,2875000000.0,3500000000.0,4750000000.0,,, Cost interval summed from per-chip intervals.
Huawei cumulative Q1 2024 through Q3 2024,Huawei,2024-01-01,2024-09-30,,337500,,,135084,,,146.0,,4312500000.0,5250000000.0,7125000000.0,,, Cost interval summed from per-chip intervals.
Huawei cumulative Q1 2024 through Q4 2024,Huawei,2024-01-01,2024-12-31,,450000,,,180112,,,195.0,,5750000000.0,7000000000.0,9500000000.0,,, Cost interval summed from per-chip intervals.
Huawei cumulative Q1 2024 through Q1 2025,Huawei,2024-01-01,2025-03-31,,650000,,,312076,,,320.0,,8812500000.0,10750000000.0,13997500000.0,,, Cost interval summed from per-chip intervals.
Huawei cumulative Q1 2024 through Q2 2025,Huawei,2024-01-01,2025-06-30,,850000,,,444040,,,445.0,,11875000000.0,14500000000.0,18495000000.0,,, Cost interval summed from per-chip intervals.
Huawei cumulative Q1 2024 through Q3 2025,Huawei,2024-01-01,2025-09-30,,1050000,,,576004,,,570.0,,14937500000.0,18250000000.0,22992500000.0,,, Cost interval summed from per-chip intervals.
Huawei cumulative Q1 2024 through Q4 2025,Huawei,2024-01-01,2025-12-31,,1250000,,,707968,,,695.0,,18000000000.0,22000000000.0,27490000000.0,,, Cost interval summed from per-chip intervals.
Nvidia cumulative Q1 2022 through Q1 2022,Nvidia,2022-01-01,2022-03-31,163481.0,212120,276445.0,51547.0,66884,87166.0,65.393,84.848,110.578,1961776670.0,2545445964.0,3317344513.0,,,Based on Nvidia fiscal quarters. Generated on 2026-09-24 17:33
Nvidia cumulative Q1 2022 through Q2 2022,Nvidia,2022-01-01,2022-06-30,338179.0,438794,571857.0,106631.0,138357,180313.0,135.272,175.518,228.743,4058146939.0,5265529918.0,6862285441.0,,,Based on Nvidia fiscal quarters. Generated on 2026-09-24 17:33
Nvidia cumulative Q1 2022 through Q3 2022,Nvidia,2022-01-01,2022-09-30,510311.0,660293,859280.0,164836.0,212491,275493.0,205.852,265.971,345.764,6199334156.0,8003772169.0,10398960112.0,,,Based on Nvidia fiscal quarters. Generated on 2026-09-24 17:33
Nvidia cumulative Q1 2022 through Q4 2022,Nvidia,2022-01-01,2022-12-31,652476.0,834843,1075297.0,229851.0,289672,368288.0,271.584,345.714,443.016,8285507429.0,10524156647.0,13462527311.0,,,Based on Nvidia fiscal quarters. Generated on 2026-09-24 17:33
Nvidia cumulative Q1 2022 through Q1 2023,Nvidia,2022-01-01,2023-03-31,782266.0,987608,1256734.0,309539.0,381698,474338.0,340.994,426.011,537.069,10630482798.0,13231373687.0,16620071566.0,,,Based on Nvidia fiscal quarters. Generated on 2026-09-24 17:33
Nvidia cumulative Q1 2022 through Q2 2023,Nvidia,2022-01-01,2023-06-30,1019995.0,1263182,1577086.0,492862.0,594338,717198.0,484.032,590.744,725.4,15678997664.0,19073206513.0,23316283904.0,,,Based on Nvidia fiscal quarters. Generated on 2026-09-24 17:33
Nvidia cumulative Q1 2022 through Q3 2023,Nvidia,2022-01-01,2023-09-30,1364646.0,1662865,2036045.0,786301.0,938873,1111306.0,703.675,847.516,1018.379,23602147149.0,28325339099.0,33857087668.0,,,Based on Nvidia fiscal quarters. Generated on 2026-09-24 17:33
Nvidia cumulative Q1 2022 through Q4 2023,Nvidia,2022-01-01,2023-12-31,1769587.0,2132549,2568891.0,1170843.0,1391249,1634023.0,978.487,1168.595,1386.569,33383894686.0,39808520497.0,47016341879.0,,,Based on Nvidia fiscal quarters. Generated on 2026-09-24 17:33
Nvidia cumulative Q1 2022 through Q1 2024,Nvidia,2022-01-01,2024-03-31,2361593.0,2828572,3357378.0,1652516.0,1965485,2301783.0,1355.684,1611.67,1897.567,46579793437.0,55350284329.0,64974199244.0,,,Based on Nvidia fiscal quarters. Generated on 2026-09-24 17:33
Nvidia cumulative Q1 2022 through Q2 2024,Nvidia,2022-01-01,2024-06-30,3109435.0,3707748,4373078.0,2232382.0,2649129,3103654.0,1818.521,2160.42,2536.857,62569866181.0,74382236966.0,87231176606.0,,,Based on Nvidia fiscal quarters. Generated on 2026-09-24 17:33
Nvidia cumulative Q1 2022 through Q3 2024,Nvidia,2022-01-01,2024-09-30,4016624.0,4779964,5623557.0,2936473.0,3483079,4082903.0,2381.28,2826.935,3308.793,82199445039.0,97579183418.0,114143895094.0,,,Based on Nvidia fiscal quarters. Generated on 2026-09-24 17:33
Nvidia cumulative Q1 2022 through Q4 2024,Nvidia,2022-01-01,2024-12-31,5047111.0,5992099,7022525.0,4009641.0,4724425,5501653.0,3108.201,3675.137,4285.333,106553943010.0,125930514968.0,146835788647.0,,,Based on Nvidia fiscal quarters. Generated on 2026-09-24 17:33
Nvidia cumulative Q1 2022 through Q1 2025,Nvidia,2022-01-01,2025-03-31,6107053.0,7206284,8411336.0,5510214.0,6418211,7413373.0,3984.092,4678.314,5425.662,134357491846.0,157792646060.0,183117873076.0,,,Based on Nvidia fiscal quarters. Generated on 2026-09-24 17:33
Nvidia cumulative Q1 2022 through Q2 2025,Nvidia,2022-01-01,2025-06-30,7012639.0,8245500,9597308.0,7190713.0,8317762,9551130.0,4917.328,5722.132,6601.663,163586737252.0,190687817499.0,220030692669.0,,,Based on Nvidia fiscal quarters. Generated on 2026-09-24 17:33
Nvidia cumulative Q1 2022 through Q3 2025,Nvidia,2022-01-01,2025-09-30,7917131.0,9286427,10757658.0,9295255.0,10703369,12214501.0,6047.679,6994.788,8031.037,198915886631.0,230231322331.0,264626054716.0,,,Based on Nvidia fiscal quarters. Generated on 2026-09-24 17:33
Nvidia cumulative Q1 2022 through Q4 2025,Nvidia,2022-01-01,2025-12-31,8973272.0,10477888,12079634.0,11899056.0,13659259,15548903.0,7413.972,8562.019,9782.774,241338881505.0,278571564884.0,318267839556.0,,,Based on Nvidia fiscal quarters. Generated on 2026-09-24 17:33
Nvidia cumulative Q1 2022 through Q1 2026,Nvidia,2022-01-01,2026-03-31,10160861.0,11818056,13586739.0,14855852.0,17048399,19426022.0,8998.338,10370.928,11834.442,290045608767.0,334198066768.0,381335988127.0,,,Based on Nvidia fiscal quarters. Generated on 2026-09-24 17:33
Nvidia cumulative Q1 2022 through Q2 2026,Nvidia,2022-01-01,2026-06-30,11546471.0,13390128,15356258.0,18283448.0,20987084,23989231.0,10862.197,12509.756,14301.844,347225095933.0,400119196043.0,457084682013.0,,,Based on Nvidia fiscal quarters. Generated on 2026-09-24 17:33
Nvidia cumulative Q1 2022 through Q3 2026,Nvidia,2022-01-01,2026-09-30,11959247.0,13854028,15889363.0,19305034.0,22160380,25344533.0,11420.948,13148.753,15040.5,364543211664.0,419702265409.0,480003387697.0,true,,Based on Nvidia fiscal quarters. Generated on 2026-09-24 17:33
