Name,Designer,Chip type,Series start date,End date,Number of units (5th percentile),Number of units (median),Number of units (95th percentile),H100e (5th percentile),H100e (median),H100e (95th percentile),Power (MW) (5th percentile),Power (MW) (median),Power (MW) (95th percentile),Cost (USD) (5th percentile),Cost (USD) (median),Cost (USD) (95th percentile),Incomplete,Source,Notes
AMD MI250X cumulative Q1 2024 through Q1 2024,AMD,MI250X,2024-01-01,2024-03-31,20432,30379,42786,3954.0,5879.0,8280.0,10.216,15.19,21.393,204316552.0,303794492.0,427859067.0,,,Generated on 2026-09-24 17:33
AMD MI300A cumulative Q1 2024 through Q1 2024,AMD,MI300A,2024-01-01,2024-03-31,1120,3562,6350,1110.0,3530.0,6293.0,0.851,2.707,4.826,7503836.0,23866065.0,42547539.0,,,Generated on 2026-09-24 17:33
AMD MI300X cumulative Q1 2024 through Q1 2024,AMD,MI300X,2024-01-01,2024-03-31,25001,34535,47708,33034.0,45632.0,63037.0,18.751,25.901,35.781,312512510.0,431688696.0,596345797.0,,,Generated on 2026-09-24 17:33
AMD MI250X cumulative Q1 2024 through Q2 2024,AMD,MI250X,2024-01-01,2024-06-30,25304,36941,51423,4897.0,7149.0,9952.0,12.652,18.47,25.711,253037673.0,369407076.0,514228047.0,,,Generated on 2026-09-24 17:33
AMD MI300A cumulative Q1 2024 through Q2 2024,AMD,MI300A,2024-01-01,2024-06-30,6918,14405,22114,6855.0,14276.0,21915.0,5.257,10.948,16.807,46348484.0,96514644.0,148165604.0,,,Generated on 2026-09-24 17:33
AMD MI300X cumulative Q1 2024 through Q2 2024,AMD,MI300X,2024-01-01,2024-06-30,90999,115233,145920,120240.0,152260.0,192808.0,68.25,86.425,109.44,1137493023.0,1440413549.0,1824004560.0,,,Generated on 2026-09-24 17:33
AMD MI250X cumulative Q1 2024 through Q3 2024,AMD,MI250X,2024-01-01,2024-09-30,28784,41433,57310,5571.0,8019.0,11091.0,14.392,20.716,28.655,287837487.0,414327508.0,573101123.0,,,Generated on 2026-09-24 17:33
AMD MI300A cumulative Q1 2024 through Q3 2024,AMD,MI300A,2024-01-01,2024-09-30,44152,57694,72338,43755.0,57175.0,71687.0,33.556,43.847,54.977,295819580.0,386546458.0,484664292.0,,,Generated on 2026-09-24 17:33
AMD MI300X cumulative Q1 2024 through Q3 2024,AMD,MI300X,2024-01-01,2024-09-30,168973,210611,259997,223268.0,278285.0,343541.0,126.73,157.958,194.998,2112164671.0,2632632095.0,3249968438.0,,,Generated on 2026-09-24 17:33
AMD MI250X cumulative Q1 2024 through Q4 2024,AMD,MI250X,2024-01-01,2024-12-31,31816,45024,61622,6157.0,8713.0,11926.0,15.908,22.512,30.811,318155853.0,450235169.0,616217803.0,,,Generated on 2026-09-24 17:33
AMD MI300A cumulative Q1 2024 through Q4 2024,AMD,MI300A,2024-01-01,2024-12-31,89654,110148,132598,88848.0,109158.0,131406.0,68.137,83.713,100.775,600683952.0,737994348.0,888408317.0,,,Generated on 2026-09-24 17:33
AMD MI300X cumulative Q1 2024 through Q4 2024,AMD,MI300X,2024-01-01,2024-12-31,262589,326666,400320,346965.0,431631.0,528952.0,196.941,244.999,300.24,3282358249.0,4083322293.0,5003996293.0,,,Generated on 2026-09-24 17:33
AMD MI250X cumulative Q1 2024 through Q1 2025,AMD,MI250X,2024-01-01,2025-03-31,31816,45024,61622,6157.0,8713.0,11926.0,15.908,22.512,30.811,318155853.0,450235169.0,616217803.0,,,Generated on 2026-09-24 17:33
AMD MI300A cumulative Q1 2024 through Q1 2025,AMD,MI300A,2024-01-01,2025-03-31,94212,114814,137640,93365.0,113781.0,136402.0,71.601,87.258,104.607,631220741.0,769252476.0,922189444.0,,,Generated on 2026-09-24 17:33
AMD MI300X cumulative Q1 2024 through Q1 2025,AMD,MI300X,2024-01-01,2025-03-31,330206,412547,506963,436309.0,545108.0,669863.0,247.655,309.41,380.222,4127577102.0,5156838960.0,6337040313.0,,,Generated on 2026-09-24 17:33
AMD MI325X cumulative Q1 2024 through Q1 2025,AMD,MI325X,2024-01-01,2025-03-31,19778,32505,52008,25985.0,42705.0,68328.0,19.778,32.505,52.008,296673415.0,487575681.0,780121837.0,,,Generated on 2026-09-24 17:33
AMD MI250X cumulative Q1 2024 through Q2 2025,AMD,MI250X,2024-01-01,2025-06-30,31816,45024,61622,6157.0,8713.0,11926.0,15.908,22.512,30.811,318155853.0,450235169.0,616217803.0,,,Generated on 2026-09-24 17:33
AMD MI300A cumulative Q1 2024 through Q2 2025,AMD,MI300A,2024-01-01,2025-06-30,94212,114814,137640,93365.0,113781.0,136402.0,71.601,87.258,104.607,631220741.0,769252476.0,922189444.0,,,Generated on 2026-09-24 17:33
AMD MI300X cumulative Q1 2024 through Q2 2025,AMD,MI300X,2024-01-01,2025-06-30,368110,458976,563939,486393.0,606456.0,745146.0,276.083,344.232,422.954,4601376528.0,5737198677.0,7049234572.0,,,Generated on 2026-09-24 17:33
AMD MI325X cumulative Q1 2024 through Q2 2025,AMD,MI325X,2024-01-01,2025-06-30,38619,59450,90850,50738.0,78105.0,119359.0,38.619,59.45,90.85,579288871.0,891749397.0,1362752794.0,,,Generated on 2026-09-24 17:33
AMD MI350X cumulative Q1 2024 through Q2 2025,AMD,MI350X,2024-01-01,2025-06-30,1660,4081,7018,3870.0,9514.0,16363.0,1.66,4.081,7.018,39006156.0,95891913.0,164924853.0,,,Generated on 2026-09-24 17:33
AMD MI250X cumulative Q1 2024 through Q3 2025,AMD,MI250X,2024-01-01,2025-09-30,31816,45024,61622,6157.0,8713.0,11926.0,15.908,22.512,30.811,318155853.0,450235169.0,616217803.0,,,Generated on 2026-09-24 17:33
AMD MI300A cumulative Q1 2024 through Q3 2025,AMD,MI300A,2024-01-01,2025-09-30,94212,114814,137640,93365.0,113781.0,136402.0,71.601,87.258,104.607,631220741.0,769252476.0,922189444.0,,,Generated on 2026-09-24 17:33
AMD MI300X cumulative Q1 2024 through Q3 2025,AMD,MI300X,2024-01-01,2025-09-30,404401,505330,620465,534345.0,667704.0,819836.0,303.301,378.997,465.349,5055013344.0,6316620904.0,7755817346.0,,,Generated on 2026-09-24 17:33
AMD MI325X cumulative Q1 2024 through Q3 2025,AMD,MI325X,2024-01-01,2025-09-30,51466,79070,120709,67615.0,103882.0,158586.0,51.466,79.07,120.709,771986143.0,1186053848.0,1810627861.0,,,Generated on 2026-09-24 17:33
AMD MI350X cumulative Q1 2024 through Q3 2025,AMD,MI350X,2024-01-01,2025-09-30,31242,40387,51364,72839.0,94161.0,119754.0,31.242,40.387,51.364,734179799.0,949088504.0,1207053569.0,,,Generated on 2026-09-24 17:33
AMD MI355X cumulative Q1 2024 through Q3 2025,AMD,MI355X,2024-01-01,2025-09-30,8145,12412,17503,20716.0,31567.0,44516.0,11.404,17.376,24.504,223998629.0,341322597.0,481334401.0,,,Generated on 2026-09-24 17:33
AMD MI250X cumulative Q1 2024 through Q4 2025,AMD,MI250X,2024-01-01,2025-12-31,31816,45024,61622,6157.0,8713.0,11926.0,15.908,22.512,30.811,318155853.0,450235169.0,616217803.0,,,Generated on 2026-09-24 17:33
AMD MI300A cumulative Q1 2024 through Q4 2025,AMD,MI300A,2024-01-01,2025-12-31,94212,114814,137640,93365.0,113781.0,136402.0,71.601,87.258,104.607,631220741.0,769252476.0,922189444.0,,,Generated on 2026-09-24 17:33
AMD MI300X cumulative Q1 2024 through Q4 2025,AMD,MI300X,2024-01-01,2025-12-31,414408,516612,632847,547567.0,682612.0,836195.0,310.806,387.459,474.635,5180099298.0,6457648462.0,7910583500.0,,,Generated on 2026-09-24 17:33
AMD MI308X cumulative Q1 2024 through Q4 2025,AMD,MI308X,2024-01-01,2025-12-31,25910,31784,39002,8559.0,10499.0,12883.0,19.433,23.838,29.251,310920977.0,381406400.0,468022424.0,,,Generated on 2026-09-24 17:33
AMD MI325X cumulative Q1 2024 through Q4 2025,AMD,MI325X,2024-01-01,2025-12-31,61445,92355,139696,80726.0,121336.0,183532.0,61.445,92.355,139.696,921668384.0,1385329538.0,2095442080.0,,,Generated on 2026-09-24 17:33
AMD MI350X cumulative Q1 2024 through Q4 2025,AMD,MI350X,2024-01-01,2025-12-31,61428,75852,92580,143219.0,176847.0,215848.0,61.428,75.852,92.58,1443568126.0,1782519196.0,2175630230.0,,,Generated on 2026-09-24 17:33
AMD MI355X cumulative Q1 2024 through Q4 2025,AMD,MI355X,2024-01-01,2025-12-31,38488,49694,62765,97886.0,126386.0,159632.0,53.883,69.571,87.872,1058415181.0,1366572702.0,1726048446.0,,,Generated on 2026-09-24 17:33
AMD MI250X cumulative Q1 2024 through Q1 2026,AMD,MI250X,2024-01-01,2026-03-31,31816,45024,61622,6157.0,8713.0,11926.0,15.908,22.512,30.811,318155853.0,450235169.0,616217803.0,,,Generated on 2026-09-24 17:33
AMD MI300A cumulative Q1 2024 through Q1 2026,AMD,MI300A,2024-01-01,2026-03-31,94212,114814,137640,93365.0,113781.0,136402.0,71.601,87.258,104.607,631220741.0,769252476.0,922189444.0,,,Generated on 2026-09-24 17:33
AMD MI300X cumulative Q1 2024 through Q1 2026,AMD,MI300X,2024-01-01,2026-03-31,427487,532242,653069,564848.0,703265.0,862916.0,320.615,399.182,489.802,5343584464.0,6653029837.0,8163365141.0,,,Generated on 2026-09-24 17:33
AMD MI308X cumulative Q1 2024 through Q1 2026,AMD,MI308X,2024-01-01,2026-03-31,25910,31784,39002,8559.0,10499.0,12883.0,19.433,23.838,29.251,310920977.0,381406400.0,468022424.0,,,Generated on 2026-09-24 17:33
AMD MI325X cumulative Q1 2024 through Q1 2026,AMD,MI325X,2024-01-01,2026-03-31,71276,105843,158928,93642.0,139056.0,208799.0,71.276,105.843,158.928,1069142081.0,1587644803.0,2383917989.0,,,Generated on 2026-09-24 17:33
AMD MI350X cumulative Q1 2024 through Q1 2026,AMD,MI350X,2024-01-01,2026-03-31,90335,108293,129064,210613.0,252482.0,300911.0,90.335,108.293,129.064,2122864187.0,2544873961.0,3033008982.0,,,Generated on 2026-09-24 17:33
AMD MI355X cumulative Q1 2024 through Q1 2026,AMD,MI355X,2024-01-01,2026-03-31,78421,95510,114053,199448.0,242911.0,290072.0,109.789,133.714,159.675,2156568762.0,2626524258.0,3136464389.0,,,Generated on 2026-09-24 17:33
AMD MI250X cumulative Q1 2024 through Q2 2026,AMD,MI250X,2024-01-01,2026-06-30,31816,45024,61622,6157.0,8713.0,11926.0,15.908,22.512,30.811,318155853.0,450235169.0,616217803.0,,,Generated on 2026-09-24 17:33
AMD MI300A cumulative Q1 2024 through Q2 2026,AMD,MI300A,2024-01-01,2026-06-30,94212,114814,137640,93365.0,113781.0,136402.0,71.601,87.258,104.607,631220741.0,769252476.0,922189444.0,,,Generated on 2026-09-24 17:33
AMD MI300X cumulative Q1 2024 through Q2 2026,AMD,MI300X,2024-01-01,2026-06-30,441591,549651,673995,583485.0,726267.0,890566.0,331.193,412.238,505.496,5519890707.0,6870637747.0,8424936997.0,,,Generated on 2026-09-24 17:33
AMD MI308X cumulative Q1 2024 through Q2 2026,AMD,MI308X,2024-01-01,2026-06-30,25910,31784,39002,8559.0,10499.0,12883.0,19.433,23.838,29.251,310920977.0,381406400.0,468022424.0,,,Generated on 2026-09-24 17:33
AMD MI325X cumulative Q1 2024 through Q2 2026,AMD,MI325X,2024-01-01,2026-06-30,81523,120301,178780,107104.0,158051.0,234880.0,81.523,120.301,178.78,1222839107.0,1804513364.0,2681697968.0,,,Generated on 2026-09-24 17:33
AMD MI350X cumulative Q1 2024 through Q2 2026,AMD,MI350X,2024-01-01,2026-06-30,110346,131504,155595,257269.0,306600.0,362766.0,110.346,131.504,155.595,2593129102.0,3090354533.0,3656475308.0,,,Generated on 2026-09-24 17:33
AMD MI355X cumulative Q1 2024 through Q2 2026,AMD,MI355X,2024-01-01,2026-06-30,137445,160462,186474,349564.0,408105.0,474259.0,192.423,224.647,261.063,3779736087.0,4412713061.0,5128022363.0,,,Generated on 2026-09-24 17:33
Amazon Trainium1 cumulative Q1 2024 through Q1 2024,Amazon,Trainium1,2024-01-01,2024-03-31,49718,111727,250385,10552.0,23712.0,53139.0,14.916,33.518,75.116,,,,,,Generated on 2026-09-24 17:33
Amazon Trainium2 cumulative Q1 2024 through Q1 2024,Amazon,Trainium2,2024-01-01,2024-03-31,6738,12855,23026,4423.0,8438.0,15114.0,3.369,6.427,11.513,26950426.0,51418264.0,92103725.0,,,Generated on 2026-09-24 17:33
Amazon Trainium1 cumulative Q1 2024 through Q2 2024,Amazon,Trainium1,2024-01-01,2024-06-30,99437,223454,500770,21103.0,47423.0,106278.0,29.831,67.036,150.231,,,,,,Generated on 2026-09-24 17:33
Amazon Trainium2 cumulative Q1 2024 through Q2 2024,Amazon,Trainium2,2024-01-01,2024-06-30,25986,44513,70752,17057.0,29218.0,46441.0,12.993,22.256,35.376,103945060.0,178050833.0,283008325.0,,,Generated on 2026-09-24 17:33
Amazon Trainium1 cumulative Q1 2024 through Q3 2024,Amazon,Trainium1,2024-01-01,2024-09-30,149155,335181,751155,31655.0,71135.0,159417.0,44.747,100.554,225.347,,,,,,Generated on 2026-09-24 17:33
Amazon Trainium2 cumulative Q1 2024 through Q3 2024,Amazon,Trainium2,2024-01-01,2024-09-30,78159,122350,175048,51303.0,80310.0,114900.0,39.08,61.175,87.524,312636446.0,489400415.0,700193261.0,,,Generated on 2026-09-24 17:33
Amazon Trainium1 cumulative Q1 2024 through Q4 2024,Amazon,Trainium1,2024-01-01,2024-12-31,198874,446908,1001541,42207.0,94847.0,212555.0,59.662,134.072,300.462,,,,,,Generated on 2026-09-24 17:33
Amazon Trainium2 cumulative Q1 2024 through Q4 2024,Amazon,Trainium2,2024-01-01,2024-12-31,208323,313693,427571,136742.0,205906.0,280654.0,104.162,156.847,213.786,833293495.0,1254773611.0,1710284478.0,,,Generated on 2026-09-24 17:33
Amazon Trainium1 cumulative Q1 2024 through Q1 2025,Amazon,Trainium1,2024-01-01,2025-03-31,198874,446908,1001541,42207.0,94847.0,212555.0,59.662,134.072,300.462,,,,,,Generated on 2026-09-24 17:33
Amazon Trainium2 cumulative Q1 2024 through Q1 2025,Amazon,Trainium2,2024-01-01,2025-03-31,429389,526532,631800,281848.0,345612.0,414709.0,214.695,263.266,315.9,1717557595.0,2106129120.0,2527201924.0,,,Generated on 2026-09-24 17:33
Amazon Trainium1 cumulative Q1 2024 through Q2 2025,Amazon,Trainium1,2024-01-01,2025-06-30,198874,446908,1001541,42207.0,94847.0,212555.0,59.662,134.072,300.462,,,,,,Generated on 2026-09-24 17:33
Amazon Trainium2 cumulative Q1 2024 through Q2 2025,Amazon,Trainium2,2024-01-01,2025-06-30,674808,774150,880957,442938.0,508146.0,578253.0,337.404,387.075,440.479,2699230554.0,3096600372.0,3523828440.0,,,Generated on 2026-09-24 17:33
Amazon Trainium1 cumulative Q1 2024 through Q3 2025,Amazon,Trainium1,2024-01-01,2025-09-30,198874,446908,1001541,42207.0,94847.0,212555.0,59.662,134.072,300.462,,,,,,Generated on 2026-09-24 17:33
Amazon Trainium2 cumulative Q1 2024 through Q3 2025,Amazon,Trainium2,2024-01-01,2025-09-30,951912,1063346,1180306,624828.0,697972.0,774744.0,475.956,531.673,590.153,3807649379.0,4253384936.0,4721225571.0,,,Generated on 2026-09-24 17:33
Amazon Trainium1 cumulative Q1 2024 through Q4 2025,Amazon,Trainium1,2024-01-01,2025-12-31,198874,446908,1001541,42207.0,94847.0,212555.0,59.662,134.072,300.462,,,,,,Generated on 2026-09-24 17:33
Amazon Trainium2 cumulative Q1 2024 through Q4 2025,Amazon,Trainium2,2024-01-01,2025-12-31,1259159,1400285,1542491,826502.0,919136.0,1012479.0,629.579,700.142,771.246,5036634862.0,5601138064.0,6169964173.0,,,Generated on 2026-09-24 17:33
Cambricon Siyuan 590 cumulative Q1 2024 through Q1 2024,Cambricon,Siyuan 590,2024-01-01,2024-03-31,525,547,591,135.8,141.5,152.9,0.105,0.1094,0.1182,,,,,,"Calculated H100e using a 16-bit precision ratio, as this is the only available performance metric for the Siyuan 590. Separately, reporting suggests the chip achieves ~80% of NVIDIA A100 performance; the A100 delivers 624 TFLOPS at 8-bit precision. Quarterly allocation proportional to reported quarterly revenue."
Cambricon Siyuan 590 cumulative Q1 2024 through Q2 2024,Cambricon,Siyuan 590,2024-01-01,2024-06-30,1324,1379,1490,342.5,356.7,385.5,0.2648,0.2758,0.298,,,,,,"Calculated H100e using a 16-bit precision ratio, as this is the only available performance metric for the Siyuan 590. Separately, reporting suggests the chip achieves ~80% of NVIDIA A100 performance; the A100 delivers 624 TFLOPS at 8-bit precision. Quarterly allocation proportional to reported quarterly revenue."
Cambricon Siyuan 590 cumulative Q1 2024 through Q3 2024,Cambricon,Siyuan 590,2024-01-01,2024-09-30,3786,3944,4260,979.5,1020.4,1102.1,0.7572,0.7888,0.852,,,,,,"Calculated H100e using a 16-bit precision ratio, as this is the only available performance metric for the Siyuan 590. Separately, reporting suggests the chip achieves ~80% of NVIDIA A100 performance; the A100 delivers 624 TFLOPS at 8-bit precision. Quarterly allocation proportional to reported quarterly revenue."
Cambricon Siyuan 590 cumulative Q1 2024 through Q4 2024,Cambricon,Siyuan 590,2024-01-01,2024-12-31,24000,25000,27000,6208.8,6467.5,6984.9,4.8,5.0,5.4,,,,,,"Calculated H100e using a 16-bit precision ratio, as this is the only available performance metric for the Siyuan 590. Separately, reporting suggests the chip achieves ~80% of NVIDIA A100 performance; the A100 delivers 624 TFLOPS at 8-bit precision. Quarterly allocation proportional to reported quarterly revenue."
Cambricon Siyuan 590 cumulative Q1 2024 through Q1 2025,Cambricon,Siyuan 590,2024-01-01,2025-03-31,41106,43816,52659,10634.1,11335.2,13622.9,8.2212,8.7632,10.5318,,,,,,"Calculated H100e using a 16-bit precision ratio, as this is the only available performance metric for the Siyuan 590. Separately, reporting suggests the chip achieves ~80% of NVIDIA A100 performance; the A100 delivers 624 TFLOPS at 8-bit precision. Quarterly allocation proportional to reported quarterly revenue."
Cambricon Siyuan 590 cumulative Q1 2024 through Q2 2025,Cambricon,Siyuan 590,2024-01-01,2025-06-30,68336,73769,93504,17680.5,19084.1,24190.4,13.6672,14.7538,18.7008,,,,,,"Calculated H100e using a 16-bit precision ratio, as this is the only available performance metric for the Siyuan 590. Separately, reporting suggests the chip achieves ~80% of NVIDIA A100 performance; the A100 delivers 624 TFLOPS at 8-bit precision. Quarterly allocation proportional to reported quarterly revenue."
Cambricon Siyuan 590 cumulative Q1 2024 through Q3 2025,Cambricon,Siyuan 590,2024-01-01,2025-09-30,94914,103004,133370,24555.6,26647.1,34502.8,18.9828,20.6008,26.674,,,,,,"Calculated H100e using a 16-bit precision ratio, as this is the only available performance metric for the Siyuan 590. Separately, reporting suggests the chip achieves ~80% of NVIDIA A100 performance; the A100 delivers 624 TFLOPS at 8-bit precision. Quarterly allocation proportional to reported quarterly revenue."
Cambricon Siyuan 590 cumulative Q1 2024 through Q4 2025,Cambricon,Siyuan 590,2024-01-01,2025-12-31,124000,135000,177000,32079.0,34924.5,45788.3,24.8,27.0,35.4,,,,,,"Calculated H100e using a 16-bit precision ratio, as this is the only available performance metric for the Siyuan 590. Separately, reporting suggests the chip achieves ~80% of NVIDIA A100 performance; the A100 delivers 624 TFLOPS at 8-bit precision. Quarterly allocation proportional to reported quarterly revenue."
Google TPU v4 cumulative Q4 2022 through Q4 2022,Google,TPU v4,2022-10-01,2022-12-31,48807,66381,87280,6782.0,9224.0,12128.0,16.594,22.57,29.675,166139812.0,225960970.0,297101066.0,,,Based on Broadcom fiscal quarters. Generated on 2026-09-24 17:32
Google TPU v4i cumulative Q4 2022 through Q4 2022,Google,TPU v4i,2022-10-01,2022-12-31,12640,20603,31385,881.0,1437.0,2189.0,2.212,3.606,5.492,29350291.0,47840903.0,72876260.0,,,Based on Broadcom fiscal quarters. Generated on 2026-09-24 17:32
Google TPU v5e cumulative Q4 2022 through Q4 2022,Google,TPU v5e,2022-10-01,2022-12-31,9820,15662,23488,1950.0,3110.0,4664.0,2.21,3.524,5.285,27202232.0,43384385.0,65060911.0,,,Based on Broadcom fiscal quarters. Generated on 2026-09-24 17:32
Google TPU v4 cumulative Q4 2022 through Q1 2023,Google,TPU v4,2022-10-01,2023-03-31,137135,185905,242859,19056.0,25833.0,33748.0,46.626,63.208,82.572,466807648.0,632822016.0,826693478.0,,,Based on Broadcom fiscal quarters. Generated on 2026-09-24 17:32
Google TPU v4i cumulative Q4 2022 through Q1 2023,Google,TPU v4i,2022-10-01,2023-03-31,18552,30240,46065,1294.0,2109.0,3212.0,3.247,5.292,8.061,43078652.0,70218099.0,106963543.0,,,Based on Broadcom fiscal quarters. Generated on 2026-09-24 17:32
Google TPU v5e cumulative Q4 2022 through Q1 2023,Google,TPU v5e,2022-10-01,2023-03-31,33106,54874,81404,6574.0,10897.0,16166.0,7.449,12.347,18.316,91703466.0,152000232.0,225488174.0,,,Based on Broadcom fiscal quarters. Generated on 2026-09-24 17:32
Google TPU v4 cumulative Q4 2022 through Q2 2023,Google,TPU v4,2022-10-01,2023-06-30,184328,252738,331401,25614.0,35120.0,46051.0,62.672,85.931,112.676,627452432.0,860321836.0,1128087582.0,,,Based on Broadcom fiscal quarters. Generated on 2026-09-24 17:32
Google TPU v4i cumulative Q4 2022 through Q2 2023,Google,TPU v4i,2022-10-01,2023-06-30,18552,30240,46065,1294.0,2109.0,3212.0,3.247,5.292,8.061,43078652.0,70218099.0,106963543.0,,,Based on Broadcom fiscal quarters. Generated on 2026-09-24 17:32
Google TPU v5e cumulative Q4 2022 through Q2 2023,Google,TPU v5e,2022-10-01,2023-06-30,122002,174516,241577,24228.0,34656.0,47974.0,27.45,39.266,54.355,337945746.0,483409002.0,669167434.0,,,Based on Broadcom fiscal quarters. Generated on 2026-09-24 17:32
Google TPU v4 cumulative Q4 2022 through Q3 2023,Google,TPU v4,2022-10-01,2023-09-30,191600,263966,348035,26625.0,36680.0,48363.0,65.144,89.748,118.332,652206032.0,898540367.0,1184711530.0,,,Based on Broadcom fiscal quarters. Generated on 2026-09-24 17:32
Google TPU v4i cumulative Q4 2022 through Q3 2023,Google,TPU v4i,2022-10-01,2023-09-30,18552,30240,46065,1294.0,2109.0,3212.0,3.247,5.292,8.061,43078652.0,70218099.0,106963543.0,,,Based on Broadcom fiscal quarters. Generated on 2026-09-24 17:32
Google TPU v5e cumulative Q4 2022 through Q3 2023,Google,TPU v5e,2022-10-01,2023-09-30,308387,424382,562656,61241.0,84276.0,111735.0,69.387,95.486,126.598,854231680.0,1175539158.0,1558557060.0,,,Based on Broadcom fiscal quarters. Generated on 2026-09-24 17:32
Google TPU v4 cumulative Q4 2022 through Q4 2023,Google,TPU v4,2022-10-01,2023-12-31,191600,263966,348035,26625.0,36680.0,48363.0,65.144,89.748,118.332,652206032.0,898540367.0,1184711530.0,,,Based on Broadcom fiscal quarters. Generated on 2026-09-24 17:32
Google TPU v4i cumulative Q4 2022 through Q4 2023,Google,TPU v4i,2022-10-01,2023-12-31,18552,30240,46065,1294.0,2109.0,3212.0,3.247,5.292,8.061,43078652.0,70218099.0,106963543.0,,,Based on Broadcom fiscal quarters. Generated on 2026-09-24 17:32
Google TPU v5e cumulative Q4 2022 through Q4 2023,Google,TPU v5e,2022-10-01,2023-12-31,598081,813057,1063900,118770.0,161461.0,211275.0,134.568,182.938,239.378,1656684155.0,2252168801.0,2947003925.0,,,Based on Broadcom fiscal quarters. Generated on 2026-09-24 17:32
Google TPU v5p cumulative Q4 2022 through Q4 2023,Google,TPU v5p,2022-10-01,2023-12-31,7238,14460,22370,3357.0,6707.0,10377.0,3.908,7.808,12.08,43591764.0,87090044.0,134732532.0,,,Based on Broadcom fiscal quarters. Generated on 2026-09-24 17:32
Google TPU v4 cumulative Q4 2022 through Q1 2024,Google,TPU v4,2022-10-01,2024-03-31,191600,263966,348035,26625.0,36680.0,48363.0,65.144,89.748,118.332,652206032.0,898540367.0,1184711530.0,,,Based on Broadcom fiscal quarters. Generated on 2026-09-24 17:32
Google TPU v4i cumulative Q4 2022 through Q1 2024,Google,TPU v4i,2022-10-01,2024-03-31,18552,30240,46065,1294.0,2109.0,3212.0,3.247,5.292,8.061,43078652.0,70218099.0,106963543.0,,,Based on Broadcom fiscal quarters. Generated on 2026-09-24 17:32
Google TPU v5e cumulative Q4 2022 through Q1 2024,Google,TPU v5e,2022-10-01,2024-03-31,903245,1234572,1610990,179371.0,245168.0,319919.0,203.23,277.779,362.473,2501988604.0,3419763742.0,4462442448.0,,,Based on Broadcom fiscal quarters. Generated on 2026-09-24 17:32
Google TPU v5p cumulative Q4 2022 through Q1 2024,Google,TPU v5p,2022-10-01,2024-03-31,70062,97291,127768,32499.0,45131.0,59268.0,37.833,52.537,68.995,421980674.0,585985636.0,769547666.0,,,Based on Broadcom fiscal quarters. Generated on 2026-09-24 17:32
Google TPU v4 cumulative Q4 2022 through Q2 2024,Google,TPU v4,2022-10-01,2024-06-30,191600,263966,348035,26625.0,36680.0,48363.0,65.144,89.748,118.332,652206032.0,898540367.0,1184711530.0,,,Based on Broadcom fiscal quarters. Generated on 2026-09-24 17:32
Google TPU v4i cumulative Q4 2022 through Q2 2024,Google,TPU v4i,2022-10-01,2024-06-30,18552,30240,46065,1294.0,2109.0,3212.0,3.247,5.292,8.061,43078652.0,70218099.0,106963543.0,,,Based on Broadcom fiscal quarters. Generated on 2026-09-24 17:32
Google TPU v5e cumulative Q4 2022 through Q2 2024,Google,TPU v5e,2022-10-01,2024-06-30,1178326,1609678,2105433,233998.0,319658.0,418108.0,265.123,362.178,473.722,3263962715.0,4458807945.0,5832049597.0,,,Based on Broadcom fiscal quarters. Generated on 2026-09-24 17:32
Google TPU v5p cumulative Q4 2022 through Q2 2024,Google,TPU v5p,2022-10-01,2024-06-30,177155,242628,316735,82177.0,112548.0,146924.0,95.664,131.019,171.037,1067005065.0,1461350063.0,1907695837.0,,,Based on Broadcom fiscal quarters. Generated on 2026-09-24 17:32
Google TPU v4 cumulative Q4 2022 through Q3 2024,Google,TPU v4,2022-10-01,2024-09-30,191600,263966,348035,26625.0,36680.0,48363.0,65.144,89.748,118.332,652206032.0,898540367.0,1184711530.0,,,Based on Broadcom fiscal quarters. Generated on 2026-09-24 17:32
Google TPU v4i cumulative Q4 2022 through Q3 2024,Google,TPU v4i,2022-10-01,2024-09-30,18552,30240,46065,1294.0,2109.0,3212.0,3.247,5.292,8.061,43078652.0,70218099.0,106963543.0,,,Based on Broadcom fiscal quarters. Generated on 2026-09-24 17:32
Google TPU v5e cumulative Q4 2022 through Q3 2024,Google,TPU v5e,2022-10-01,2024-09-30,1442306,1968938,2587143,286421.0,391002.0,513768.0,324.519,443.011,582.107,3995187846.0,5453958316.0,7166386415.0,,,Based on Broadcom fiscal quarters. Generated on 2026-09-24 17:32
Google TPU v5p cumulative Q4 2022 through Q3 2024,Google,TPU v5p,2022-10-01,2024-09-30,292834,402762,527118,135837.0,186829.0,244515.0,158.13,217.491,284.644,1763739789.0,2425833214.0,3174834353.0,,,Based on Broadcom fiscal quarters. Generated on 2026-09-24 17:32
Google TPU v6e cumulative Q4 2022 through Q3 2024,Google,TPU v6e,2022-10-01,2024-09-30,17332,40020,71152,16080.0,37129.0,66010.0,6.586,15.208,27.038,72378956.0,167125536.0,297129686.0,,,Based on Broadcom fiscal quarters. Generated on 2026-09-24 17:32
Google TPU v4 cumulative Q4 2022 through Q4 2024,Google,TPU v4,2022-10-01,2024-12-31,191600,263966,348035,26625.0,36680.0,48363.0,65.144,89.748,118.332,652206032.0,898540367.0,1184711530.0,,,Based on Broadcom fiscal quarters. Generated on 2026-09-24 17:32
Google TPU v4i cumulative Q4 2022 through Q4 2024,Google,TPU v4i,2022-10-01,2024-12-31,18552,30240,46065,1294.0,2109.0,3212.0,3.247,5.292,8.061,43078652.0,70218099.0,106963543.0,,,Based on Broadcom fiscal quarters. Generated on 2026-09-24 17:32
Google TPU v5e cumulative Q4 2022 through Q4 2024,Google,TPU v5e,2022-10-01,2024-12-31,1663077,2274050,2998912,330262.0,451593.0,595539.0,374.192,511.661,674.755,4606723807.0,6299118401.0,8306987558.0,,,Based on Broadcom fiscal quarters. Generated on 2026-09-24 17:32
Google TPU v5p cumulative Q4 2022 through Q4 2024,Google,TPU v5p,2022-10-01,2024-12-31,391899,537740,700754,181791.0,249442.0,325059.0,211.626,290.38,378.407,2360408654.0,3238806948.0,4220641601.0,,,Based on Broadcom fiscal quarters. Generated on 2026-09-24 17:32
Google TPU v6e cumulative Q4 2022 through Q4 2024,Google,TPU v6e,2022-10-01,2024-12-31,150897,215717,291877,139993.0,200130.0,270786.0,57.341,81.973,110.913,630144508.0,900836260.0,1218876632.0,,,Based on Broadcom fiscal quarters. Generated on 2026-09-24 17:32
Google TPU v4 cumulative Q4 2022 through Q1 2025,Google,TPU v4,2022-10-01,2025-03-31,191600,263966,348035,26625.0,36680.0,48363.0,65.144,89.748,118.332,652206032.0,898540367.0,1184711530.0,,,Based on Broadcom fiscal quarters. Generated on 2026-09-24 17:32
Google TPU v4i cumulative Q4 2022 through Q1 2025,Google,TPU v4i,2022-10-01,2025-03-31,18552,30240,46065,1294.0,2109.0,3212.0,3.247,5.292,8.061,43078652.0,70218099.0,106963543.0,,,Based on Broadcom fiscal quarters. Generated on 2026-09-24 17:32
Google TPU v5e cumulative Q4 2022 through Q1 2025,Google,TPU v5e,2022-10-01,2025-03-31,1728011,2371099,3127166,343157.0,470865.0,621009.0,388.802,533.497,703.612,4786589342.0,6567944528.0,8662250661.0,,,Based on Broadcom fiscal quarters. Generated on 2026-09-24 17:32
Google TPU v5p cumulative Q4 2022 through Q1 2025,Google,TPU v5p,2022-10-01,2025-03-31,462110,634480,821282,214359.0,294317.0,380969.0,249.539,342.619,443.492,2783287478.0,3821474468.0,4946582761.0,,,Based on Broadcom fiscal quarters. Generated on 2026-09-24 17:32
Google TPU v6e cumulative Q4 2022 through Q1 2025,Google,TPU v6e,2022-10-01,2025-03-31,470049,623687,791462,436084.0,578620.0,734272.0,178.619,237.001,300.755,1962924426.0,2604516202.0,3305143759.0,,,Based on Broadcom fiscal quarters. Generated on 2026-09-24 17:32
Google TPU v4 cumulative Q4 2022 through Q2 2025,Google,TPU v4,2022-10-01,2025-06-30,191600,263966,348035,26625.0,36680.0,48363.0,65.144,89.748,118.332,652206032.0,898540367.0,1184711530.0,,,Based on Broadcom fiscal quarters. Generated on 2026-09-24 17:32
Google TPU v4i cumulative Q4 2022 through Q2 2025,Google,TPU v4i,2022-10-01,2025-06-30,18552,30240,46065,1294.0,2109.0,3212.0,3.247,5.292,8.061,43078652.0,70218099.0,106963543.0,,,Based on Broadcom fiscal quarters. Generated on 2026-09-24 17:32
Google TPU v5e cumulative Q4 2022 through Q2 2025,Google,TPU v5e,2022-10-01,2025-06-30,1728011,2371099,3127166,343157.0,470865.0,621009.0,388.802,533.497,703.612,4786589342.0,6567944528.0,8662250661.0,,,Based on Broadcom fiscal quarters. Generated on 2026-09-24 17:32
Google TPU v5p cumulative Q4 2022 through Q2 2025,Google,TPU v5p,2022-10-01,2025-06-30,483220,667119,863830,224152.0,309457.0,400706.0,260.939,360.244,466.468,2910433306.0,4018057594.0,5202850853.0,,,Based on Broadcom fiscal quarters. Generated on 2026-09-24 17:32
Google TPU v6e cumulative Q4 2022 through Q2 2025,Google,TPU v6e,2022-10-01,2025-06-30,993826,1287714,1593762,922014.0,1194665.0,1478599.0,377.654,489.331,605.63,4150218282.0,5377491619.0,6655550140.0,,,Based on Broadcom fiscal quarters. Generated on 2026-09-24 17:32
Google TPU v4 cumulative Q4 2022 through Q3 2025,Google,TPU v4,2022-10-01,2025-09-30,191600,263966,348035,26625.0,36680.0,48363.0,65.144,89.748,118.332,652206032.0,898540367.0,1184711530.0,,,Based on Broadcom fiscal quarters. Generated on 2026-09-24 17:32
Google TPU v4i cumulative Q4 2022 through Q3 2025,Google,TPU v4i,2022-10-01,2025-09-30,18552,30240,46065,1294.0,2109.0,3212.0,3.247,5.292,8.061,43078652.0,70218099.0,106963543.0,,,Based on Broadcom fiscal quarters. Generated on 2026-09-24 17:32
Google TPU v5e cumulative Q4 2022 through Q3 2025,Google,TPU v5e,2022-10-01,2025-09-30,1728011,2371099,3127166,343157.0,470865.0,621009.0,388.802,533.497,703.612,4786589342.0,6567944528.0,8662250661.0,,,Based on Broadcom fiscal quarters. Generated on 2026-09-24 17:32
Google TPU v5p cumulative Q4 2022 through Q3 2025,Google,TPU v5p,2022-10-01,2025-09-30,483220,667119,863830,224152.0,309457.0,400706.0,260.939,360.244,466.468,2910433306.0,4018057594.0,5202850853.0,,,Based on Broadcom fiscal quarters. Generated on 2026-09-24 17:32
Google TPU v6e cumulative Q4 2022 through Q3 2025,Google,TPU v6e,2022-10-01,2025-09-30,1567343,2029046,2495491,1454089.0,1882430.0,2315170.0,595.59,771.038,948.287,6545224779.0,8473297077.0,10421169985.0,,,Based on Broadcom fiscal quarters. Generated on 2026-09-24 17:32
Google TPU v7 cumulative Q4 2022 through Q3 2025,Google,TPU v7,2022-10-01,2025-09-30,23632,51358,80444,55098.0,119740.0,187553.0,22.687,49.304,77.226,328698300.0,714339019.0,1118892726.0,,,Based on Broadcom fiscal quarters. Generated on 2026-09-24 17:32
Google TPU v4 cumulative Q4 2022 through Q4 2025,Google,TPU v4,2022-10-01,2025-12-31,191600,263966,348035,26625.0,36680.0,48363.0,65.144,89.748,118.332,652206032.0,898540367.0,1184711530.0,,,Based on Broadcom fiscal quarters. Generated on 2026-09-24 17:32
Google TPU v4i cumulative Q4 2022 through Q4 2025,Google,TPU v4i,2022-10-01,2025-12-31,18552,30240,46065,1294.0,2109.0,3212.0,3.247,5.292,8.061,43078652.0,70218099.0,106963543.0,,,Based on Broadcom fiscal quarters. Generated on 2026-09-24 17:32
Google TPU v5e cumulative Q4 2022 through Q4 2025,Google,TPU v5e,2022-10-01,2025-12-31,1728011,2371099,3127166,343157.0,470865.0,621009.0,388.802,533.497,703.612,4786589342.0,6567944528.0,8662250661.0,,,Based on Broadcom fiscal quarters. Generated on 2026-09-24 17:32
Google TPU v5p cumulative Q4 2022 through Q4 2025,Google,TPU v5p,2022-10-01,2025-12-31,483220,667119,863830,224152.0,309457.0,400706.0,260.939,360.244,466.468,2910433306.0,4018057594.0,5202850853.0,,,Based on Broadcom fiscal quarters. Generated on 2026-09-24 17:32
Google TPU v6e cumulative Q4 2022 through Q4 2025,Google,TPU v6e,2022-10-01,2025-12-31,1862024,2427686,2996658,1727476.0,2252264.0,2780124.0,707.569,922.521,1138.73,7775811052.0,10138014870.0,12514045280.0,,,Based on Broadcom fiscal quarters. Generated on 2026-09-24 17:32
Google TPU v7 cumulative Q4 2022 through Q4 2025,Google,TPU v7,2022-10-01,2025-12-31,178196,249694,330685,415461.0,582156.0,770986.0,171.068,239.706,317.458,2478528764.0,3472990672.0,4599498131.0,,,Based on Broadcom fiscal quarters. Generated on 2026-09-24 17:32
Google TPU v4 cumulative Q4 2022 through Q1 2026,Google,TPU v4,2022-10-01,2026-03-31,191600,263966,348035,26625.0,36680.0,48363.0,65.144,89.748,118.332,652206032.0,898540367.0,1184711530.0,,,Based on Broadcom fiscal quarters. Generated on 2026-09-24 17:32
Google TPU v4i cumulative Q4 2022 through Q1 2026,Google,TPU v4i,2022-10-01,2026-03-31,18552,30240,46065,1294.0,2109.0,3212.0,3.247,5.292,8.061,43078652.0,70218099.0,106963543.0,,,Based on Broadcom fiscal quarters. Generated on 2026-09-24 17:32
Google TPU v5e cumulative Q4 2022 through Q1 2026,Google,TPU v5e,2022-10-01,2026-03-31,1728011,2371099,3127166,343157.0,470865.0,621009.0,388.802,533.497,703.612,4786589342.0,6567944528.0,8662250661.0,,,Based on Broadcom fiscal quarters. Generated on 2026-09-24 17:32
Google TPU v5p cumulative Q4 2022 through Q1 2026,Google,TPU v5p,2022-10-01,2026-03-31,483220,667119,863830,224152.0,309457.0,400706.0,260.939,360.244,466.468,2910433306.0,4018057594.0,5202850853.0,,,Based on Broadcom fiscal quarters. Generated on 2026-09-24 17:32
Google TPU v6e cumulative Q4 2022 through Q1 2026,Google,TPU v6e,2022-10-01,2026-03-31,1976128,2569138,3184548,1833336.0,2383496.0,2954436.0,750.929,976.273,1210.128,8252311410.0,10728722295.0,13298671535.0,,,Based on Broadcom fiscal quarters. Generated on 2026-09-24 17:32
Google TPU v7 cumulative Q4 2022 through Q1 2026,Google,TPU v7,2022-10-01,2026-03-31,422905,558630,708262,985995.0,1302434.0,1651298.0,405.989,536.285,679.931,5882188203.0,7769981279.0,9851209348.0,,,Based on Broadcom fiscal quarters. Generated on 2026-09-24 17:32
Google TPU v4 cumulative Q4 2022 through Q2 2026,Google,TPU v4,2022-10-01,2026-06-30,191600,263966,348035,26625.0,36680.0,48363.0,65.144,89.748,118.332,652206032.0,898540367.0,1184711530.0,true,,Based on Broadcom fiscal quarters. Generated on 2026-09-24 17:32
Google TPU v4i cumulative Q4 2022 through Q2 2026,Google,TPU v4i,2022-10-01,2026-06-30,18552,30240,46065,1294.0,2109.0,3212.0,3.247,5.292,8.061,43078652.0,70218099.0,106963543.0,true,,Based on Broadcom fiscal quarters. Generated on 2026-09-24 17:32
Google TPU v5e cumulative Q4 2022 through Q2 2026,Google,TPU v5e,2022-10-01,2026-06-30,1728011,2371099,3127166,343157.0,470865.0,621009.0,388.802,533.497,703.612,4786589342.0,6567944528.0,8662250661.0,true,,Based on Broadcom fiscal quarters. Generated on 2026-09-24 17:32
Google TPU v5p cumulative Q4 2022 through Q2 2026,Google,TPU v5p,2022-10-01,2026-06-30,483220,667119,863830,224152.0,309457.0,400706.0,260.939,360.244,466.468,2910433306.0,4018057594.0,5202850853.0,true,,Based on Broadcom fiscal quarters. Generated on 2026-09-24 17:32
Google TPU v6e cumulative Q4 2022 through Q2 2026,Google,TPU v6e,2022-10-01,2026-06-30,2007593,2607433,3235284,1862527.0,2419023.0,3001506.0,762.885,990.825,1229.408,8383710058.0,10888640856.0,13510544820.0,true,,Based on Broadcom fiscal quarters. Generated on 2026-09-24 17:32
Google TPU v7 cumulative Q4 2022 through Q2 2026,Google,TPU v7,2022-10-01,2026-06-30,517174,681682,857504,1205782.0,1589329.0,1999255.0,496.487,654.415,823.204,7193378967.0,9481518722.0,11927030061.0,true,,Based on Broadcom fiscal quarters. Generated on 2026-09-24 17:32
Huawei Ascend 910B cumulative Q1 2024 through Q1 2024,Huawei,Ascend 910B,2024-01-01,2024-03-31,87500,100000,125000,27363.0,35379.0,45991.0,35.0,40.0,50.0,1312500000.0,1500000000.0,1875000000.0,,,Confidence intervals in units are relatively unprincipled due to lack of revenue model. Don't take them too literally. H100e conversion incorporates some uncertainty over average chip specifications. See methodology
Huawei Ascend 910C cumulative Q1 2024 through Q1 2024,Huawei,Ascend 910C,2024-01-01,2024-03-31,6250,12500,25000,4877.0,9649.0,18995.0,4.375,8.75,17.5,125000000.0,250000000.0,500000000.0,,,Confidence intervals in units are relatively unprincipled due to lack of revenue model. Don't take them too literally. H100e conversion incorporates some uncertainty over average chip specifications. See methodology
Huawei Ascend 910B cumulative Q1 2024 through Q2 2024,Huawei,Ascend 910B,2024-01-01,2024-06-30,175000,200000,250000,54726.0,70758.0,91982.0,70.0,80.0,100.0,2625000000.0,3000000000.0,3750000000.0,,,Confidence intervals in units are relatively unprincipled due to lack of revenue model. Don't take them too literally. H100e conversion incorporates some uncertainty over average chip specifications. See methodology
Huawei Ascend 910C cumulative Q1 2024 through Q2 2024,Huawei,Ascend 910C,2024-01-01,2024-06-30,12500,25000,50000,9754.0,19298.0,37990.0,8.75,17.5,35.0,250000000.0,500000000.0,1000000000.0,,,Confidence intervals in units are relatively unprincipled due to lack of revenue model. Don't take them too literally. H100e conversion incorporates some uncertainty over average chip specifications. See methodology
Huawei Ascend 910B cumulative Q1 2024 through Q3 2024,Huawei,Ascend 910B,2024-01-01,2024-09-30,262500,300000,375000,82089.0,106137.0,137973.0,105.0,120.0,150.0,3937500000.0,4500000000.0,5625000000.0,,,Confidence intervals in units are relatively unprincipled due to lack of revenue model. Don't take them too literally. H100e conversion incorporates some uncertainty over average chip specifications. See methodology
Huawei Ascend 910C cumulative Q1 2024 through Q3 2024,Huawei,Ascend 910C,2024-01-01,2024-09-30,18750,37500,75000,14631.0,28947.0,56985.0,13.125,26.25,52.5,375000000.0,750000000.0,1500000000.0,,,Confidence intervals in units are relatively unprincipled due to lack of revenue model. Don't take them too literally. H100e conversion incorporates some uncertainty over average chip specifications. See methodology
Huawei Ascend 910B cumulative Q1 2024 through Q4 2024,Huawei,Ascend 910B,2024-01-01,2024-12-31,350000,400000,500000,109452.0,141516.0,183964.0,140.0,160.0,200.0,5250000000.0,6000000000.0,7500000000.0,,,Confidence intervals in units are relatively unprincipled due to lack of revenue model. Don't take them too literally. H100e conversion incorporates some uncertainty over average chip specifications. See methodology
Huawei Ascend 910C cumulative Q1 2024 through Q4 2024,Huawei,Ascend 910C,2024-01-01,2024-12-31,25000,50000,100000,19508.0,38596.0,75980.0,17.5,35.0,70.0,500000000.0,1000000000.0,2000000000.0,,,Confidence intervals in units are relatively unprincipled due to lack of revenue model. Don't take them too literally. H100e conversion incorporates some uncertainty over average chip specifications. See methodology
Huawei Ascend 910B cumulative Q1 2024 through Q1 2025,Huawei,Ascend 910B,2024-01-01,2025-03-31,387500,450000,566500,121399.0,158333.0,207847.0,155.0,180.0,226.6,5812500000.0,6750000000.0,8497500000.0,,,Confidence intervals in units are relatively unprincipled due to lack of revenue model. Don't take them too literally. H100e conversion incorporates some uncertainty over average chip specifications. See methodology
Huawei Ascend 910C cumulative Q1 2024 through Q1 2025,Huawei,Ascend 910C,2024-01-01,2025-03-31,150000,200000,275000,116707.0,153743.0,211991.0,105.0,140.0,192.5,3000000000.0,4000000000.0,5500000000.0,,,Confidence intervals in units are relatively unprincipled due to lack of revenue model. Don't take them too literally. H100e conversion incorporates some uncertainty over average chip specifications. See methodology
Huawei Ascend 910B cumulative Q1 2024 through Q2 2025,Huawei,Ascend 910B,2024-01-01,2025-06-30,425000,500000,633000,133346.0,175150.0,231730.0,170.0,200.0,253.2,6375000000.0,7500000000.0,9495000000.0,,,Confidence intervals in units are relatively unprincipled due to lack of revenue model. Don't take them too literally. H100e conversion incorporates some uncertainty over average chip specifications. See methodology
Huawei Ascend 910C cumulative Q1 2024 through Q2 2025,Huawei,Ascend 910C,2024-01-01,2025-06-30,275000,350000,450000,213906.0,268890.0,348002.0,192.5,245.0,315.0,5500000000.0,7000000000.0,9000000000.0,,,Confidence intervals in units are relatively unprincipled due to lack of revenue model. Don't take them too literally. H100e conversion incorporates some uncertainty over average chip specifications. See methodology
Huawei Ascend 910B cumulative Q1 2024 through Q3 2025,Huawei,Ascend 910B,2024-01-01,2025-09-30,462500,550000,699500,145293.0,191967.0,255613.0,185.0,220.0,279.8,6937500000.0,8250000000.0,10492500000.0,,,Confidence intervals in units are relatively unprincipled due to lack of revenue model. Don't take them too literally. H100e conversion incorporates some uncertainty over average chip specifications. See methodology
Huawei Ascend 910C cumulative Q1 2024 through Q3 2025,Huawei,Ascend 910C,2024-01-01,2025-09-30,400000,500000,625000,311105.0,384037.0,484013.0,280.0,350.0,437.5,8000000000.0,10000000000.0,12500000000.0,,,Confidence intervals in units are relatively unprincipled due to lack of revenue model. Don't take them too literally. H100e conversion incorporates some uncertainty over average chip specifications. See methodology
Huawei Ascend 910B cumulative Q1 2024 through Q4 2025,Huawei,Ascend 910B,2024-01-01,2025-12-31,500000,600000,766000,157240.0,208784.0,279496.0,200.0,240.0,306.4,7500000000.0,9000000000.0,11490000000.0,,,Confidence intervals in units are relatively unprincipled due to lack of revenue model. Don't take them too literally. H100e conversion incorporates some uncertainty over average chip specifications. See methodology
Huawei Ascend 910C cumulative Q1 2024 through Q4 2025,Huawei,Ascend 910C,2024-01-01,2025-12-31,525000,650000,800000,408304.0,499184.0,620024.0,367.5,455.0,560.0,10500000000.0,13000000000.0,16000000000.0,,,Confidence intervals in units are relatively unprincipled due to lack of revenue model. Don't take them too literally. H100e conversion incorporates some uncertainty over average chip specifications. See methodology
Nvidia A100 cumulative Q1 2022 through Q1 2022,Nvidia,A100,2022-01-01,2022-03-31,163481,212120,276445,51547.0,66884.0,87166.0,65.393,84.848,110.578,1961776670.0,2545445964.0,3317344513.0,,,Based on Nvidia fiscal quarters. Generated on 2026-09-24 17:33
Nvidia A100 cumulative Q1 2022 through Q2 2022,Nvidia,A100,2022-01-01,2022-06-30,338179,438794,571857,106631.0,138357.0,180313.0,135.272,175.518,228.743,4058146939.0,5265529918.0,6862285441.0,,,Based on Nvidia fiscal quarters. Generated on 2026-09-24 17:33
Nvidia A100 cumulative Q1 2022 through Q3 2022,Nvidia,A100,2022-01-01,2022-09-30,504444,654527,853010,159057.0,206379.0,268963.0,201.778,261.811,341.204,6053332965.0,7854325215.0,10236124838.0,,,Based on Nvidia fiscal quarters. Generated on 2026-09-24 17:33
Nvidia H100/H200 cumulative Q1 2022 through Q3 2022,Nvidia,H100/H200,2022-01-01,2022-09-30,5126,6119,7200,5126.0,6119.0,7200.0,3.589,4.283,5.04,128162110.0,152978175.0,179999267.0,,,Based on Nvidia fiscal quarters. Generated on 2026-09-24 17:33
Nvidia A100 cumulative Q1 2022 through Q4 2022,Nvidia,A100,2022-01-01,2022-12-31,592072,768226,1001188,186687.0,242230.0,315685.0,236.829,307.29,400.475,7104867948.0,9218713691.0,12014259863.0,,,Based on Nvidia fiscal quarters. Generated on 2026-09-24 17:33
Nvidia A800 cumulative Q1 2022 through Q4 2022,Nvidia,A800,2022-01-01,2022-12-31,21518,28133,36493,6785.0,8870.0,11507.0,8.607,11.253,14.597,258214105.0,337590659.0,437913225.0,,,Based on Nvidia fiscal quarters. Generated on 2026-09-24 17:33
Nvidia H100/H200 cumulative Q1 2022 through Q4 2022,Nvidia,H100/H200,2022-01-01,2022-12-31,32339,38600,45419,32339.0,38600.0,45419.0,22.637,27.02,31.793,808467408.0,965011177.0,1135464617.0,,,Based on Nvidia fiscal quarters. Generated on 2026-09-24 17:33
Nvidia A100 cumulative Q1 2022 through Q1 2023,Nvidia,A100,2022-01-01,2023-03-31,637562,827250,1078112,201030.0,260841.0,339940.0,255.025,330.9,431.245,7650748310.0,9927004796.0,12937338036.0,,,Based on Nvidia fiscal quarters. Generated on 2026-09-24 17:33
Nvidia A800 cumulative Q1 2022 through Q1 2023,Nvidia,A800,2022-01-01,2023-03-31,43934,57439,74508,13853.0,18111.0,23493.0,17.573,22.976,29.803,527203518.0,689269018.0,894100625.0,,,Based on Nvidia fiscal quarters. Generated on 2026-09-24 17:33
Nvidia H100/H200 cumulative Q1 2022 through Q1 2023,Nvidia,H100/H200,2022-01-01,2023-03-31,79791,95241,112064,79791.0,95241.0,112064.0,55.854,66.669,78.445,1994774021.0,2381022670.0,2801591378.0,,,Based on Nvidia fiscal quarters. Generated on 2026-09-24 17:33
Nvidia H800 cumulative Q1 2022 through Q1 2023,Nvidia,H800,2022-01-01,2023-03-31,5923,7342,9137,5923.0,7342.0,9137.0,4.146,5.139,6.396,177691700.0,220261749.0,274107248.0,,,Based on Nvidia fiscal quarters. Generated on 2026-09-24 17:33
Nvidia A100 cumulative Q1 2022 through Q2 2023,Nvidia,A100,2022-01-01,2023-06-30,687279,891759,1162182,216707.0,281181.0,366449.0,274.912,356.704,464.873,8247352065.0,10701110556.0,13946188953.0,,,Based on Nvidia fiscal quarters. Generated on 2026-09-24 17:33
Nvidia A800 cumulative Q1 2022 through Q2 2023,Nvidia,A800,2022-01-01,2023-06-30,64116,83826,108737,20217.0,26431.0,34286.0,25.647,33.53,43.495,769395287.0,1005911980.0,1304841079.0,,,Based on Nvidia fiscal quarters. Generated on 2026-09-24 17:33
Nvidia H100/H200 cumulative Q1 2022 through Q2 2023,Nvidia,H100/H200,2022-01-01,2023-06-30,206642,246655,290222,206642.0,246655.0,290222.0,144.65,172.658,203.156,5166060395.0,6166366110.0,7255553818.0,,,Based on Nvidia fiscal quarters. Generated on 2026-09-24 17:33
Nvidia H800 cumulative Q1 2022 through Q2 2023,Nvidia,H800,2022-01-01,2023-06-30,31671,39258,48855,31671.0,39258.0,48855.0,22.17,27.481,34.199,950122346.0,1177745552.0,1465658902.0,,,Based on Nvidia fiscal quarters. Generated on 2026-09-24 17:33
Nvidia A100 cumulative Q1 2022 through Q3 2023,Nvidia,A100,2022-01-01,2023-09-30,729632,946713,1233800,230061.0,298509.0,389030.0,291.853,378.685,493.52,8755582684.0,11360550337.0,14805601790.0,,,Based on Nvidia fiscal quarters. Generated on 2026-09-24 17:33
Nvidia A800 cumulative Q1 2022 through Q3 2023,Nvidia,A800,2022-01-01,2023-09-30,85919,112331,145713,27091.0,35419.0,45945.0,34.368,44.932,58.285,1031029510.0,1347974122.0,1748554588.0,,,Based on Nvidia fiscal quarters. Generated on 2026-09-24 17:33
Nvidia H100/H200 cumulative Q1 2022 through Q3 2023,Nvidia,H100/H200,2022-01-01,2023-09-30,424540,506743,596251,424540.0,506743.0,596251.0,297.178,354.72,417.376,10613488122.0,12668580785.0,14906278358.0,,,Based on Nvidia fiscal quarters. Generated on 2026-09-24 17:33
Nvidia H800 cumulative Q1 2022 through Q3 2023,Nvidia,H800,2022-01-01,2023-09-30,77117,95592,118961,77117.0,95592.0,118961.0,53.982,66.914,83.272,2313509414.0,2867762696.0,3568820038.0,,,Based on Nvidia fiscal quarters. Generated on 2026-09-24 17:33
Nvidia A100 cumulative Q1 2022 through Q4 2023,Nvidia,A100,2022-01-01,2023-12-31,741284,961831,1253503,233735.0,303276.0,395243.0,296.513,384.732,501.401,8895402826.0,11541969874.0,15042036237.0,,,Based on Nvidia fiscal quarters. Generated on 2026-09-24 17:33
Nvidia A800 cumulative Q1 2022 through Q4 2023,Nvidia,A800,2022-01-01,2023-12-31,92872,121421,157504,29283.0,38285.0,49663.0,37.149,48.568,63.002,1114461381.0,1457053446.0,1890049258.0,,,Based on Nvidia fiscal quarters. Generated on 2026-09-24 17:33
Nvidia H100/H200 cumulative Q1 2022 through Q4 2023,Nvidia,H100/H200,2022-01-01,2023-12-31,779351,930257,1094572,779351.0,930257.0,1094572.0,545.546,651.18,766.2,19483781948.0,23256432078.0,27364300394.0,,,Based on Nvidia fiscal quarters. Generated on 2026-09-24 17:33
Nvidia H800 cumulative Q1 2022 through Q4 2023,Nvidia,H800,2022-01-01,2023-12-31,93121,115431,143649,93121.0,115431.0,143649.0,65.185,80.801,100.554,2793637866.0,3462916731.0,4309466274.0,,,Based on Nvidia fiscal quarters. Generated on 2026-09-24 17:33
Nvidia A100 cumulative Q1 2022 through Q1 2024,Nvidia,A100,2022-01-01,2024-03-31,741284,961831,1253503,233735.0,303276.0,395243.0,296.513,384.732,501.401,8895402826.0,11541969874.0,15042036237.0,,,Based on Nvidia fiscal quarters. Generated on 2026-09-24 17:33
Nvidia A800 cumulative Q1 2022 through Q1 2024,Nvidia,A800,2022-01-01,2024-03-31,92872,121421,157504,29283.0,38285.0,49663.0,37.149,48.568,63.002,1114461381.0,1457053446.0,1890049258.0,,,Based on Nvidia fiscal quarters. Generated on 2026-09-24 17:33
Nvidia H100/H200 cumulative Q1 2022 through Q1 2024,Nvidia,H100/H200,2022-01-01,2024-03-31,1242017,1482509,1744370,1242017.0,1482509.0,1744370.0,869.412,1037.757,1221.059,31050429550.0,37062732879.0,43609258399.0,,,Based on Nvidia fiscal quarters. Generated on 2026-09-24 17:33
Nvidia H20 cumulative Q1 2022 through Q1 2024,Nvidia,H20,2022-01-01,2024-03-31,106730,138720,180461,15964.0,20748.0,26992.0,42.692,55.488,72.184,1280760482.0,1664635459.0,2165534032.0,,,Based on Nvidia fiscal quarters. Generated on 2026-09-24 17:33
Nvidia H800 cumulative Q1 2022 through Q1 2024,Nvidia,H800,2022-01-01,2024-03-31,93121,115431,143649,93121.0,115431.0,143649.0,65.185,80.801,100.554,2793637866.0,3462916731.0,4309466274.0,,,Based on Nvidia fiscal quarters. Generated on 2026-09-24 17:33
Nvidia A100 cumulative Q1 2022 through Q2 2024,Nvidia,A100,2022-01-01,2024-06-30,741284,961831,1253503,233735.0,303276.0,395243.0,296.513,384.732,501.401,8895402826.0,11541969874.0,15042036237.0,,,Based on Nvidia fiscal quarters. Generated on 2026-09-24 17:33
Nvidia A800 cumulative Q1 2022 through Q2 2024,Nvidia,A800,2022-01-01,2024-06-30,92872,121421,157504,29283.0,38285.0,49663.0,37.149,48.568,63.002,1114461381.0,1457053446.0,1890049258.0,,,Based on Nvidia fiscal quarters. Generated on 2026-09-24 17:33
Nvidia H100/H200 cumulative Q1 2022 through Q2 2024,Nvidia,H100/H200,2022-01-01,2024-06-30,1787307,2133384,2510211,1787307.0,2133384.0,2510211.0,1251.115,1493.369,1757.148,44682681448.0,53334601513.0,62755286465.0,,,Based on Nvidia fiscal quarters. Generated on 2026-09-24 17:33
Nvidia H20 cumulative Q1 2022 through Q2 2024,Nvidia,H20,2022-01-01,2024-06-30,278355,361784,470647,41634.0,54112.0,70395.0,111.342,144.714,188.259,3340254962.0,4341410379.0,5647766226.0,,,Based on Nvidia fiscal quarters. Generated on 2026-09-24 17:33
Nvidia H800 cumulative Q1 2022 through Q2 2024,Nvidia,H800,2022-01-01,2024-06-30,93121,115431,143649,93121.0,115431.0,143649.0,65.185,80.801,100.554,2793637866.0,3462916731.0,4309466274.0,,,Based on Nvidia fiscal quarters. Generated on 2026-09-24 17:33
Nvidia A100 cumulative Q1 2022 through Q3 2024,Nvidia,A100,2022-01-01,2024-09-30,741284,961831,1253503,233735.0,303276.0,395243.0,296.513,384.732,501.401,8895402826.0,11541969874.0,15042036237.0,,,Based on Nvidia fiscal quarters. Generated on 2026-09-24 17:33
Nvidia A800 cumulative Q1 2022 through Q3 2024,Nvidia,A800,2022-01-01,2024-09-30,92872,121421,157504,29283.0,38285.0,49663.0,37.149,48.568,63.002,1114461381.0,1457053446.0,1890049258.0,,,Based on Nvidia fiscal quarters. Generated on 2026-09-24 17:33
Nvidia H100/H200 cumulative Q1 2022 through Q3 2024,Nvidia,H100/H200,2022-01-01,2024-09-30,2452826,2927767,3444910,2452826.0,2927767.0,3444910.0,1716.978,2049.437,2411.437,61320649065.0,73194183437.0,86122738688.0,,,Based on Nvidia fiscal quarters. Generated on 2026-09-24 17:33
Nvidia H20 cumulative Q1 2022 through Q3 2024,Nvidia,H20,2022-01-01,2024-09-30,487820,634031,824815,72963.0,94832.0,123368.0,195.128,253.613,329.926,5853838389.0,7608375716.0,9897780596.0,,,Based on Nvidia fiscal quarters. Generated on 2026-09-24 17:33
Nvidia H800 cumulative Q1 2022 through Q3 2024,Nvidia,H800,2022-01-01,2024-09-30,93121,115431,143649,93121.0,115431.0,143649.0,65.185,80.801,100.554,2793637866.0,3462916731.0,4309466274.0,,,Based on Nvidia fiscal quarters. Generated on 2026-09-24 17:33
Nvidia A100 cumulative Q1 2022 through Q4 2024,Nvidia,A100,2022-01-01,2024-12-31,741284,961831,1253503,233735.0,303276.0,395243.0,296.513,384.732,501.401,8895402826.0,11541969874.0,15042036237.0,,,Based on Nvidia fiscal quarters. Generated on 2026-09-24 17:33
Nvidia A800 cumulative Q1 2022 through Q4 2024,Nvidia,A800,2022-01-01,2024-12-31,92872,121421,157504,29283.0,38285.0,49663.0,37.149,48.568,63.002,1114461381.0,1457053446.0,1890049258.0,,,Based on Nvidia fiscal quarters. Generated on 2026-09-24 17:33
Nvidia B200 cumulative Q1 2022 through Q4 2024,Nvidia,B200,2022-01-01,2024-12-31,171211,200738,235125,432570.0,507169.0,594050.0,205.453,240.885,282.15,6334813486.0,7427293851.0,8699623053.0,,,Based on Nvidia fiscal quarters. Generated on 2026-09-24 17:33
Nvidia H100/H200 cumulative Q1 2022 through Q4 2024,Nvidia,H100/H200,2022-01-01,2024-12-31,3023443,3608873,4246321,3023443.0,3608873.0,4246321.0,2116.41,2526.211,2972.425,75586072918.0,90221825288.0,106158034947.0,,,Based on Nvidia fiscal quarters. Generated on 2026-09-24 17:33
Nvidia H20 cumulative Q1 2022 through Q4 2024,Nvidia,H20,2022-01-01,2024-12-31,737396,958412,1246803,110293.0,143350.0,186485.0,294.958,383.365,498.721,8848752756.0,11500938548.0,14961638415.0,,,Based on Nvidia fiscal quarters. Generated on 2026-09-24 17:33
Nvidia H800 cumulative Q1 2022 through Q4 2024,Nvidia,H800,2022-01-01,2024-12-31,93121,115431,143649,93121.0,115431.0,143649.0,65.185,80.801,100.554,2793637866.0,3462916731.0,4309466274.0,,,Based on Nvidia fiscal quarters. Generated on 2026-09-24 17:33
Nvidia A100 cumulative Q1 2022 through Q1 2025,Nvidia,A100,2022-01-01,2025-03-31,741284,961831,1253503,233735.0,303276.0,395243.0,296.513,384.732,501.401,8895402826.0,11541969874.0,15042036237.0,,,Based on Nvidia fiscal quarters. Generated on 2026-09-24 17:33
Nvidia A800 cumulative Q1 2022 through Q1 2025,Nvidia,A800,2022-01-01,2025-03-31,92872,121421,157504,29283.0,38285.0,49663.0,37.149,48.568,63.002,1114461381.0,1457053446.0,1890049258.0,,,Based on Nvidia fiscal quarters. Generated on 2026-09-24 17:33
Nvidia B200 cumulative Q1 2022 through Q1 2025,Nvidia,B200,2022-01-01,2025-03-31,614411,720370,843773,1552327.0,1820036.0,2131816.0,737.293,864.444,1012.527,22733202733.0,26653693474.0,31219592339.0,,,Based on Nvidia fiscal quarters. Generated on 2026-09-24 17:33
Nvidia H100/H200 cumulative Q1 2022 through Q1 2025,Nvidia,H100/H200,2022-01-01,2025-03-31,3299089,3937892,4633456,3299089.0,3937892.0,4633456.0,2309.362,2756.524,3243.419,82477213933.0,98447299859.0,115836405055.0,,,Based on Nvidia fiscal quarters. Generated on 2026-09-24 17:33
Nvidia H20 cumulative Q1 2022 through Q1 2025,Nvidia,H20,2022-01-01,2025-03-31,1015668,1320089,1717311,151914.0,197446.0,256859.0,406.267,528.036,686.925,12188020587.0,15841065930.0,20607735583.0,,,Based on Nvidia fiscal quarters. Generated on 2026-09-24 17:33
Nvidia H800 cumulative Q1 2022 through Q1 2025,Nvidia,H800,2022-01-01,2025-03-31,93121,115431,143649,93121.0,115431.0,143649.0,65.185,80.801,100.554,2793637866.0,3462916731.0,4309466274.0,,,Based on Nvidia fiscal quarters. Generated on 2026-09-24 17:33
Nvidia A100 cumulative Q1 2022 through Q2 2025,Nvidia,A100,2022-01-01,2025-06-30,741284,961831,1253503,233735.0,303276.0,395243.0,296.513,384.732,501.401,8895402826.0,11541969874.0,15042036237.0,,,Based on Nvidia fiscal quarters. Generated on 2026-09-24 17:33
Nvidia A800 cumulative Q1 2022 through Q2 2025,Nvidia,A800,2022-01-01,2025-06-30,92872,121421,157504,29283.0,38285.0,49663.0,37.149,48.568,63.002,1114461381.0,1457053446.0,1890049258.0,,,Based on Nvidia fiscal quarters. Generated on 2026-09-24 17:33
Nvidia B200 cumulative Q1 2022 through Q2 2025,Nvidia,B200,2022-01-01,2025-06-30,984986,1154853,1352685,2488594.0,2917769.0,3417596.0,1181.983,1385.824,1623.221,36444470745.0,42729560084.0,50049327982.0,,,Based on Nvidia fiscal quarters. Generated on 2026-09-24 17:33
Nvidia B300 cumulative Q1 2022 through Q2 2025,Nvidia,B300,2022-01-01,2025-06-30,182304,215192,252850,460597.0,543690.0,638834.0,255.226,301.269,353.991,7839083414.0,9253269799.0,10872566220.0,,,Based on Nvidia fiscal quarters. Generated on 2026-09-24 17:33
Nvidia H100/H200 cumulative Q1 2022 through Q2 2025,Nvidia,H100/H200,2022-01-01,2025-06-30,3490696,4166600,4902562,3490696.0,4166600.0,4902562.0,2443.487,2916.62,3431.793,87267389291.0,104164998207.0,122564041290.0,,,Based on Nvidia fiscal quarters. Generated on 2026-09-24 17:33
Nvidia H20 cumulative Q1 2022 through Q2 2025,Nvidia,H20,2022-01-01,2025-06-30,1133149,1472782,1915950,169486.0,220285.0,286570.0,453.26,589.113,766.38,13597791423.0,17673379274.0,22991402759.0,,,Based on Nvidia fiscal quarters. Generated on 2026-09-24 17:33
Nvidia H800 cumulative Q1 2022 through Q2 2025,Nvidia,H800,2022-01-01,2025-06-30,93121,115431,143649,93121.0,115431.0,143649.0,65.185,80.801,100.554,2793637866.0,3462916731.0,4309466274.0,,,Based on Nvidia fiscal quarters. Generated on 2026-09-24 17:33
Nvidia A100 cumulative Q1 2022 through Q3 2025,Nvidia,A100,2022-01-01,2025-09-30,741284,961831,1253503,233735.0,303276.0,395243.0,296.513,384.732,501.401,8895402826.0,11541969874.0,15042036237.0,,,Based on Nvidia fiscal quarters. Generated on 2026-09-24 17:33
Nvidia A800 cumulative Q1 2022 through Q3 2025,Nvidia,A800,2022-01-01,2025-09-30,92872,121421,157504,29283.0,38285.0,49663.0,37.149,48.568,63.002,1114461381.0,1457053446.0,1890049258.0,,,Based on Nvidia fiscal quarters. Generated on 2026-09-24 17:33
Nvidia B200 cumulative Q1 2022 through Q3 2025,Nvidia,B200,2022-01-01,2025-09-30,1280168,1500942,1758060,3234382.0,3792172.0,4441788.0,1536.202,1801.13,2109.672,47366223400.0,55534841014.0,65048211751.0,,,Based on Nvidia fiscal quarters. Generated on 2026-09-24 17:33
Nvidia B300 cumulative Q1 2022 through Q3 2025,Nvidia,B300,2022-01-01,2025-09-30,641279,756967,889435,1620211.0,1912500.0,2247182.0,897.791,1059.754,1245.209,27575013258.0,32549601006.0,38245690449.0,,,Based on Nvidia fiscal quarters. Generated on 2026-09-24 17:33
Nvidia H100/H200 cumulative Q1 2022 through Q3 2025,Nvidia,H100/H200,2022-01-01,2025-09-30,3597351,4293907,5052356,3597351.0,4293907.0,5052356.0,2518.146,3005.735,3536.649,89933776589.0,107347678821.0,126308890375.0,,,Based on Nvidia fiscal quarters. Generated on 2026-09-24 17:33
Nvidia H20 cumulative Q1 2022 through Q3 2025,Nvidia,H20,2022-01-01,2025-09-30,1146319,1489899,1938219,171456.0,222845.0,289900.0,458.528,595.96,775.287,13755832750.0,17878789418.0,23258622021.0,,,Based on Nvidia fiscal quarters. Generated on 2026-09-24 17:33
Nvidia H800 cumulative Q1 2022 through Q3 2025,Nvidia,H800,2022-01-01,2025-09-30,93121,115431,143649,93121.0,115431.0,143649.0,65.185,80.801,100.554,2793637866.0,3462916731.0,4309466274.0,,,Based on Nvidia fiscal quarters. Generated on 2026-09-24 17:33
Nvidia A100 cumulative Q1 2022 through Q4 2025,Nvidia,A100,2022-01-01,2025-12-31,741284,961831,1253503,233735.0,303276.0,395243.0,296.513,384.732,501.401,8895402826.0,11541969874.0,15042036237.0,,,Based on Nvidia fiscal quarters. Generated on 2026-09-24 17:33
Nvidia A800 cumulative Q1 2022 through Q4 2025,Nvidia,A800,2022-01-01,2025-12-31,92872,121421,157504,29283.0,38285.0,49663.0,37.149,48.568,63.002,1114461381.0,1457053446.0,1890049258.0,,,Based on Nvidia fiscal quarters. Generated on 2026-09-24 17:33
Nvidia B200 cumulative Q1 2022 through Q4 2025,Nvidia,B200,2022-01-01,2025-12-31,1636362,1918563,2247221,4134314.0,4847304.0,5677669.0,1963.634,2302.275,2696.666,60545376382.0,70986825848.0,83147191833.0,,,Based on Nvidia fiscal quarters. Generated on 2026-09-24 17:33
Nvidia B300 cumulative Q1 2022 through Q4 2025,Nvidia,B300,2022-01-01,2025-12-31,1271340,1500692,1763309,3212077.0,3791542.0,4455051.0,1779.876,2100.969,2468.633,54667615749.0,64529763375.0,75822292088.0,,,Based on Nvidia fiscal quarters. Generated on 2026-09-24 17:33
Nvidia H100/H200 cumulative Q1 2022 through Q4 2025,Nvidia,H100/H200,2022-01-01,2025-12-31,3616942,4317292,5079871,3616942.0,4317292.0,5079871.0,2531.86,3022.104,3555.91,90423560650.0,107932299906.0,126996775211.0,,,Based on Nvidia fiscal quarters. Generated on 2026-09-24 17:33
Nvidia H20 cumulative Q1 2022 through Q4 2025,Nvidia,H20,2022-01-01,2025-12-31,1146319,1489899,1938219,171456.0,222845.0,289900.0,458.528,595.96,775.287,13755832750.0,17878789418.0,23258622021.0,,,Based on Nvidia fiscal quarters. Generated on 2026-09-24 17:33
Nvidia H800 cumulative Q1 2022 through Q4 2025,Nvidia,H800,2022-01-01,2025-12-31,93121,115431,143649,93121.0,115431.0,143649.0,65.185,80.801,100.554,2793637866.0,3462916731.0,4309466274.0,,,Based on Nvidia fiscal quarters. Generated on 2026-09-24 17:33
Nvidia A100 cumulative Q1 2022 through Q1 2026,Nvidia,A100,2022-01-01,2026-03-31,741284,961831,1253503,233735.0,303276.0,395243.0,296.513,384.732,501.401,8895402826.0,11541969874.0,15042036237.0,,,Based on Nvidia fiscal quarters. Generated on 2026-09-24 17:33
Nvidia A800 cumulative Q1 2022 through Q1 2026,Nvidia,A800,2022-01-01,2026-03-31,92872,121421,157504,29283.0,38285.0,49663.0,37.149,48.568,63.002,1114461381.0,1457053446.0,1890049258.0,,,Based on Nvidia fiscal quarters. Generated on 2026-09-24 17:33
Nvidia B200 cumulative Q1 2022 through Q1 2026,Nvidia,B200,2022-01-01,2026-03-31,1932569,2265853,2654004,4882690.0,5724742.0,6705417.0,2319.083,2719.024,3184.805,71505044894.0,83836561475.0,98198145591.0,,,Based on Nvidia fiscal quarters. Generated on 2026-09-24 17:33
Nvidia B300 cumulative Q1 2022 through Q1 2026,Nvidia,B300,2022-01-01,2026-03-31,2112472,2493567,2929934,5337222.0,6300067.0,7402561.0,2957.461,3490.993,4101.907,90836308460.0,107223360860.0,125987150123.0,,,Based on Nvidia fiscal quarters. Generated on 2026-09-24 17:33
Nvidia H100/H200 cumulative Q1 2022 through Q1 2026,Nvidia,H100/H200,2022-01-01,2026-03-31,3616942,4317292,5079871,3616942.0,4317292.0,5079871.0,2531.86,3022.104,3555.91,90423560650.0,107932299906.0,126996775211.0,,,Based on Nvidia fiscal quarters. Generated on 2026-09-24 17:33
Nvidia H20 cumulative Q1 2022 through Q1 2026,Nvidia,H20,2022-01-01,2026-03-31,1146319,1489899,1938219,171456.0,222845.0,289900.0,458.528,595.96,775.287,13755832750.0,17878789418.0,23258622021.0,,,Based on Nvidia fiscal quarters. Generated on 2026-09-24 17:33
Nvidia H800 cumulative Q1 2022 through Q1 2026,Nvidia,H800,2022-01-01,2026-03-31,93121,115431,143649,93121.0,115431.0,143649.0,65.185,80.801,100.554,2793637866.0,3462916731.0,4309466274.0,,,Based on Nvidia fiscal quarters. Generated on 2026-09-24 17:33
Nvidia A100 cumulative Q1 2022 through Q2 2026,Nvidia,A100,2022-01-01,2026-06-30,741284,961831,1253503,233735.0,303276.0,395243.0,296.513,384.732,501.401,8895402826.0,11541969874.0,15042036237.0,,,Based on Nvidia fiscal quarters. Generated on 2026-09-24 17:33
Nvidia A800 cumulative Q1 2022 through Q2 2026,Nvidia,A800,2022-01-01,2026-06-30,92872,121421,157504,29283.0,38285.0,49663.0,37.149,48.568,63.002,1114461381.0,1457053446.0,1890049258.0,,,Based on Nvidia fiscal quarters. Generated on 2026-09-24 17:33
Nvidia B200 cumulative Q1 2022 through Q2 2026,Nvidia,B200,2022-01-01,2026-06-30,2122957,2489075,2915465,5363712.0,6288720.0,7366006.0,2547.549,2986.89,3498.558,78549423973.0,92095790186.0,107872217728.0,,,Based on Nvidia fiscal quarters. Generated on 2026-09-24 17:33
Nvidia B300 cumulative Q1 2022 through Q2 2026,Nvidia,B300,2022-01-01,2026-06-30,3242631,3827608,4497429,8192600.0,9670562.0,11362883.0,4539.684,5358.652,6296.401,139433143244.0,164587162197.0,193389456791.0,,,Based on Nvidia fiscal quarters. Generated on 2026-09-24 17:33
Nvidia H100/H200 cumulative Q1 2022 through Q2 2026,Nvidia,H100/H200,2022-01-01,2026-06-30,3633158,4336648,5102646,3633158.0,4336648.0,5102646.0,2543.211,3035.654,3571.852,90828962011.0,108416199246.0,127566147454.0,,,Based on Nvidia fiscal quarters. Generated on 2026-09-24 17:33
Nvidia H20 cumulative Q1 2022 through Q2 2026,Nvidia,H20,2022-01-01,2026-06-30,1146319,1489899,1938219,171456.0,222845.0,289900.0,458.528,595.96,775.287,13755832750.0,17878789418.0,23258622021.0,,,Based on Nvidia fiscal quarters. Generated on 2026-09-24 17:33
Nvidia H800 cumulative Q1 2022 through Q2 2026,Nvidia,H800,2022-01-01,2026-06-30,93121,115431,143649,93121.0,115431.0,143649.0,65.185,80.801,100.554,2793637866.0,3462916731.0,4309466274.0,,,Based on Nvidia fiscal quarters. Generated on 2026-09-24 17:33
Nvidia A100 cumulative Q1 2022 through Q3 2026,Nvidia,A100,2022-01-01,2026-09-30,741284,961831,1253503,233735.0,303276.0,395243.0,296.513,384.732,501.401,8895402826.0,11541969874.0,15042036237.0,true,,Based on Nvidia fiscal quarters. Generated on 2026-09-24 17:33
Nvidia A800 cumulative Q1 2022 through Q3 2026,Nvidia,A800,2022-01-01,2026-09-30,92872,121421,157504,29283.0,38285.0,49663.0,37.149,48.568,63.002,1114461381.0,1457053446.0,1890049258.0,true,,Based on Nvidia fiscal quarters. Generated on 2026-09-24 17:33
Nvidia B200 cumulative Q1 2022 through Q3 2026,Nvidia,B200,2022-01-01,2026-09-30,2168324,2542266,2977768,5478334.0,6423108.0,7523416.0,2601.989,3050.72,3573.322,80228004263.0,94063852717.0,110177418317.0,true,,Based on Nvidia fiscal quarters. Generated on 2026-09-24 17:33
Nvidia B300 cumulative Q1 2022 through Q3 2026,Nvidia,B300,2022-01-01,2026-09-30,3589037,4236506,4977883,9067804.0,10703654.0,12576764.0,5024.652,5931.109,6969.036,154328587892.0,182169774963.0,214048977778.0,true,,Based on Nvidia fiscal quarters. Generated on 2026-09-24 17:33
Nvidia H100/H200 cumulative Q1 2022 through Q3 2026,Nvidia,H100/H200,2022-01-01,2026-09-30,3639645,4344390,5111756,3639645.0,4344390.0,5111756.0,2547.751,3041.073,3578.229,90991122556.0,108609758982.0,127793896352.0,true,,Based on Nvidia fiscal quarters. Generated on 2026-09-24 17:33
Nvidia H20 cumulative Q1 2022 through Q3 2026,Nvidia,H20,2022-01-01,2026-09-30,1146319,1489899,1938219,171456.0,222845.0,289900.0,458.528,595.96,775.287,13755832750.0,17878789418.0,23258622021.0,true,,Based on Nvidia fiscal quarters. Generated on 2026-09-24 17:33
Nvidia H800 cumulative Q1 2022 through Q3 2026,Nvidia,H800,2022-01-01,2026-09-30,93121,115431,143649,93121.0,115431.0,143649.0,65.185,80.801,100.554,2793637866.0,3462916731.0,4309466274.0,true,,Based on Nvidia fiscal quarters. Generated on 2026-09-24 17:33
