Name,Chip manufacturer,Owner,Start date,End date,Compute estimate in H100e (median),H100e (5th percentile),H100e (95th percentile),Number of Units,Number of Units (5th percentile),Number of Units (95th percentile),Total TDP (W),Total TDP (W) (5th percentile),Total TDP (W) (95th percentile),Power in MW (median),Power in MW (5th percentile),Power in MW (95th percentile),Incomplete,Notes,Source / Link
Microsoft cumulative AMD through Q1 2024,AMD,Microsoft,1/1/2024,3/31/2024,11166,7566,16244,8450,5726,12293,6338081,4294970,9220389,6.34,4.29,9.22,,Estimates generated on: 04-03-2026 17:00,
Meta cumulative AMD through Q1 2024,AMD,Meta,1/1/2024,3/31/2024,17633,11667,26496,13345,8829,20053,10009069,6622443,15039991,10.01,6.62,15.04,,Estimates generated on: 04-03-2026 17:00,
Oracle cumulative AMD through Q1 2024,AMD,Oracle,1/1/2024,3/31/2024,4460,3035,6591,3376,2297,4988,2532052,1723232,3741416,2.53,1.72,3.74,,Estimates generated on: 04-03-2026 17:00,
Other cumulative AMD through Q1 2024,AMD,Other,1/1/2024,3/31/2024,21378,14168,30585,43259,31309,58004,24848373,17923558,33371380,24.85,17.92,33.37,,"Excludes Microsoft, Meta, Oracle, China. Estimates generated on: 04-03-2026 17:00",
Microsoft cumulative AMD through Q2 2024,AMD,Microsoft,1/1/2024,6/30/2024,37428,27654,50208,28326,20929,37998,21244837,15697135,28499006,21.24,15.7,28.5,,Estimates generated on: 04-03-2026 17:00,
Meta cumulative AMD through Q2 2024,AMD,Meta,1/1/2024,6/30/2024,59128,42289,81522,44749,32005,61697,33562286,24004153,46273282,33.56,24.0,46.27,,Estimates generated on: 04-03-2026 17:00,
Oracle cumulative AMD through Q2 2024,AMD,Oracle,1/1/2024,6/30/2024,14971,11120,19987,11330,8416,15127,8498242,6312366,11345300,8.5,6.31,11.35,,Estimates generated on: 04-03-2026 17:00,
Other cumulative AMD through Q2 2024,AMD,Other,1/1/2024,6/30/2024,61532,41741,83655,81827,61724,105990,52251534,38858795,68242669,52.25,38.86,68.24,,"Excludes Microsoft, Meta, Oracle, China. Estimates generated on: 04-03-2026 17:00",
Microsoft cumulative AMD through Q3 2024,AMD,Microsoft,1/1/2024,9/30/2024,68445,51710,89630,51800,39135,67833,38850255,29351609,50875209,38.85,29.35,50.88,,Estimates generated on: 04-03-2026 17:00,
Meta cumulative AMD through Q3 2024,AMD,Meta,1/1/2024,9/30/2024,108051,79650,145936,81774,60280,110447,61331177,45210632,82835469,61.33,45.21,82.84,,Estimates generated on: 04-03-2026 17:00,
Oracle cumulative AMD through Q3 2024,AMD,Oracle,1/1/2024,9/30/2024,27430,20697,35989,20759,15663,27237,15569777,11747985,20428047,15.57,11.75,20.43,,Estimates generated on: 04-03-2026 17:00,
Other cumulative AMD through Q3 2024,AMD,Other,1/1/2024,9/30/2024,138658,104100,176564,155121,122941,190883,106590661,83835764,131386352,106.59,83.84,131.39,,"Excludes Microsoft, Meta, Oracle, China. Estimates generated on: 04-03-2026 17:00",
Microsoft cumulative AMD through Q4 2024,AMD,Microsoft,1/1/2024,12/31/2024,106473,81344,137677,80580,61563,104196,60435509,46172277,78147323,60.44,46.17,78.15,,Estimates generated on: 04-03-2026 17:00,
Meta cumulative AMD through Q4 2024,AMD,Meta,1/1/2024,12/31/2024,168024,125155,224130,127163,94719,169625,95372581,71039572,127219498,95.37,71.04,127.22,,Estimates generated on: 04-03-2026 17:00,
Oracle cumulative AMD through Q4 2024,AMD,Oracle,1/1/2024,12/31/2024,42580,32241,55056,32225,24401,41667,24169206,18300844,31250475,24.17,18.3,31.25,,Estimates generated on: 04-03-2026 17:00,
Other cumulative AMD through Q4 2024,AMD,Other,1/1/2024,12/31/2024,231095,179337,288776,240928,195164,291871,170506529,138000783,207495828,170.51,138.0,207.5,,"Excludes Microsoft, Meta, Oracle, China. Estimates generated on: 04-03-2026 17:00",
Microsoft cumulative AMD through Q1 2025,AMD,Microsoft,1/1/2024,3/31/2025,143063,106539,190047,108312,80654,143912,83141388,61756975,110676491,83.14,61.76,110.68,,Estimates generated on: 04-03-2026 17:00,
Meta cumulative AMD through Q1 2025,AMD,Meta,1/1/2024,3/31/2025,234744,172986,317866,177731,130970,240688,136784173,100666330,185752043,136.78,100.67,185.75,,Estimates generated on: 04-03-2026 17:00,
Oracle cumulative AMD through Q1 2025,AMD,Oracle,1/1/2024,3/31/2025,58767,41733,83827,44501,31599,63466,34221191,24145086,49293345,34.22,24.15,49.29,,Estimates generated on: 04-03-2026 17:00,
Other cumulative AMD through Q1 2025,AMD,Other,1/1/2024,3/31/2025,270194,192921,351366,272087,209268,340218,195520216,147794587,246686187,195.52,147.79,246.69,,"Excludes Microsoft, Meta, Oracle, China. Estimates generated on: 04-03-2026 17:00",
Microsoft cumulative AMD through Q2 2025,AMD,Microsoft,1/1/2024,6/30/2025,168158,123309,225655,126437,92748,169909,98631821,71980247,133335252,98.63,71.98,133.34,,Estimates generated on: 04-03-2026 17:00,
Meta cumulative AMD through Q2 2025,AMD,Meta,1/1/2024,6/30/2025,280703,205456,381179,211298,154659,287072,165543782,120699886,225259834,165.54,120.7,225.26,,Estimates generated on: 04-03-2026 17:00,
Oracle cumulative AMD through Q2 2025,AMD,Oracle,1/1/2024,6/30/2025,70004,48078,103514,52669,36175,77896,41134922,28040438,61575900,41.13,28.04,61.58,,Estimates generated on: 04-03-2026 17:00,
Other cumulative AMD through Q2 2025,AMD,Other,1/1/2024,6/30/2025,294614,201572,389089,289677,215411,368178,210316861,152748968,270587253,210.32,152.75,270.59,,"Excludes Microsoft, Meta, Oracle, China. Estimates generated on: 04-03-2026 17:00",
Microsoft cumulative AMD through Q3 2025,AMD,Microsoft,1/1/2024,9/30/2025,215966,159001,291731,153564,112753,207436,124186315,90781381,168571622,124.19,90.78,168.57,,Estimates generated on: 04-03-2026 17:00,
Meta cumulative AMD through Q3 2025,AMD,Meta,1/1/2024,9/30/2025,368954,273690,495231,260857,192659,351759,212181698,156562929,286361239,212.18,156.56,286.36,,Estimates generated on: 04-03-2026 17:00,
Oracle cumulative AMD through Q3 2025,AMD,Oracle,1/1/2024,9/30/2025,91249,61223,139164,64683,43682,98081,52511337,35008805,80329396,52.51,35.01,80.33,,Estimates generated on: 04-03-2026 17:00,
Other cumulative AMD through Q3 2025,AMD,Other,1/1/2024,9/30/2025,340829,213495,462631,315484,224535,409683,235046674,160594725,309477444,235.05,160.59,309.48,,"Excludes Microsoft, Meta, Oracle, China. Estimates generated on: 04-03-2026 17:00",
Microsoft cumulative AMD through Q4 2025,AMD,Microsoft,1/1/2024,12/31/2025,264522,195584,358133,175828,130301,238920,149515012,109986205,203307399,149.52,109.99,203.31,,Estimates generated on: 04-03-2026 17:00,
Meta cumulative AMD through Q4 2025,AMD,Meta,1/1/2024,12/31/2025,459858,344991,612180,303076,225693,406799,259546406,193564108,348163396,259.55,193.56,348.16,,Estimates generated on: 04-03-2026 17:00,
Oracle cumulative AMD through Q4 2025,AMD,Oracle,1/1/2024,12/31/2025,113179,74703,175251,74940,50219,114342,63881411,42071563,99354929,63.88,42.07,99.35,,Estimates generated on: 04-03-2026 17:00,
China cumulative AMD through Q4 2025,AMD,China,1/1/2024,12/31/2025,10523,8605,12837,31859,26053,38862,23894625,19540096,29147142,23.89,19.54,29.15,,Estimates generated on: 04-03-2026 17:00,
Other cumulative AMD through Q4 2025,AMD,Other,1/1/2024,12/31/2025,388586,228136,538546,338109,231608,442485,260230655,169350180,347713860,260.23,169.35,347.71,,"Excludes Microsoft, Meta, Oracle, China. Estimates generated on: 04-03-2026 17:00",
