name,designer,owner,chip_type,series_start,end_date,units_p5,units_med,units_p95,h100e_p5,h100e_med,h100e_p95,power_mw_p5,power_mw_med,power_mw_p95,cost_usd_p5,cost_usd_med,cost_usd_p95,incomplete,source,notes
Microsoft Nvidia A100 cumulative Q1 2022 through Q1 2022,Nvidia,Microsoft,A100,2022-01-01,2022-03-31,27647,46840,79069,8718,14769,24931,11.059,18.736,31.628,331768325,562079597,948826307,False,,Based on Nvidia fiscal quarters. Generated on 2026-09-24 17:33
Microsoft Nvidia A100 cumulative Q1 2022 through Q2 2022,Nvidia,Microsoft,A100,2022-01-01,2022-06-30,59043,97888,160682,18617,30865,50665,23.617,39.155,64.273,708516326,1174651664,1928180462,False,,Based on Nvidia fiscal quarters. Generated on 2026-09-24 17:33
Microsoft Nvidia A100 cumulative Q1 2022 through Q3 2022,Nvidia,Microsoft,A100,2022-01-01,2022-09-30,89278,146521,239548,28150,46200,75532,35.711,58.608,95.819,1071337177,1758252380,2874573733,False,,Based on Nvidia fiscal quarters. Generated on 2026-09-24 17:33
Microsoft Nvidia H100/H200 cumulative Q1 2022 through Q3 2022,Nvidia,Microsoft,H100/H200,2022-01-01,2022-09-30,778,1342,2304,778,1342,2304,0.545,0.94,1.613,19457220,33553769,57603997,False,,Based on Nvidia fiscal quarters. Generated on 2026-09-24 17:33
Microsoft Nvidia A100 cumulative Q1 2022 through Q4 2022,Nvidia,Microsoft,A100,2022-01-01,2022-12-31,108118,174086,281081,34091,54891,88628,43.247,69.634,112.432,1297421873,2089033453,3372968238,False,,Based on Nvidia fiscal quarters. Generated on 2026-09-24 17:33
Microsoft Nvidia H100/H200 cumulative Q1 2022 through Q4 2022,Nvidia,Microsoft,H100/H200,2022-01-01,2022-12-31,7156,10028,14277,7156,10028,14277,5.009,7.02,9.994,178901839,250699427,356929129,False,,Based on Nvidia fiscal quarters. Generated on 2026-09-24 17:33
Microsoft Nvidia A100 cumulative Q1 2022 through Q1 2023,Nvidia,Microsoft,A100,2022-01-01,2023-03-31,120003,190248,302612,37838,59987,95417,48.001,76.099,121.045,1440032639,2282975338,3631338401,False,,Based on Nvidia fiscal quarters. Generated on 2026-09-24 17:33
Microsoft Nvidia H100/H200 cumulative Q1 2022 through Q1 2023,Nvidia,Microsoft,H100/H200,2022-01-01,2023-03-31,18729,25357,34699,18729,25357,34699,13.11,17.75,24.289,468213974,633930635,867480059,False,,Based on Nvidia fiscal quarters. Generated on 2026-09-24 17:33
Microsoft Nvidia A100 cumulative Q1 2022 through Q2 2023,Nvidia,Microsoft,A100,2022-01-01,2023-06-30,133001,207773,326708,41937,65513,103014,53.201,83.109,130.683,1596015560,2493279880,3920490481,False,,Based on Nvidia fiscal quarters. Generated on 2026-09-24 17:33
Microsoft Nvidia H100/H200 cumulative Q1 2022 through Q2 2023,Nvidia,Microsoft,H100/H200,2022-01-01,2023-06-30,49599,66320,89761,49599,66320,89761,34.719,46.424,62.833,1239972413,1657989670,2244022315,False,,Based on Nvidia fiscal quarters. Generated on 2026-09-24 17:33
Microsoft Nvidia A100 cumulative Q1 2022 through Q3 2023,Nvidia,Microsoft,A100,2022-01-01,2023-09-30,144175,222883,347660,45460,70277,109621,57.67,89.153,139.064,1730095865,2674590999,4171923630,False,,Based on Nvidia fiscal quarters. Generated on 2026-09-24 17:33
Microsoft Nvidia H100/H200 cumulative Q1 2022 through Q3 2023,Nvidia,Microsoft,H100/H200,2022-01-01,2023-09-30,103022,137133,183188,103022,137133,183188,72.115,95.993,128.232,2575541009,3428328163,4579710664,False,,Based on Nvidia fiscal quarters. Generated on 2026-09-24 17:33
Microsoft Nvidia A100 cumulative Q1 2022 through Q4 2023,Nvidia,Microsoft,A100,2022-01-01,2023-12-31,147063,227035,353206,46371,71587,111370,58.825,90.814,141.283,1764761667,2724419663,4238475324,False,,Based on Nvidia fiscal quarters. Generated on 2026-09-24 17:33
Microsoft Nvidia H100/H200 cumulative Q1 2022 through Q4 2023,Nvidia,Microsoft,H100/H200,2022-01-01,2023-12-31,176657,235327,311284,176657,235327,311284,123.66,164.729,217.899,4416427231,5883172502,7782109809,False,,Based on Nvidia fiscal quarters. Generated on 2026-09-24 17:33
Microsoft Nvidia A100 cumulative Q1 2022 through Q1 2024,Nvidia,Microsoft,A100,2022-01-01,2024-03-31,147063,227035,353206,46371,71587,111370,58.825,90.814,141.283,1764761667,2724419663,4238475324,False,,Based on Nvidia fiscal quarters. Generated on 2026-09-24 17:33
Microsoft Nvidia H100/H200 cumulative Q1 2022 through Q1 2024,Nvidia,Microsoft,H100/H200,2022-01-01,2024-03-31,277904,368963,491324,277904,368963,491324,194.533,258.274,343.926,6947601245,9224080007,12283088554,False,,Based on Nvidia fiscal quarters. Generated on 2026-09-24 17:33
Microsoft Nvidia A100 cumulative Q1 2022 through Q2 2024,Nvidia,Microsoft,A100,2022-01-01,2024-06-30,147063,227035,353206,46371,71587,111370,58.825,90.814,141.283,1764761667,2724419663,4238475324,False,,Based on Nvidia fiscal quarters. Generated on 2026-09-24 17:33
Microsoft Nvidia H100/H200 cumulative Q1 2022 through Q2 2024,Nvidia,Microsoft,H100/H200,2022-01-01,2024-06-30,404248,534139,705665,404248,534139,705665,282.974,373.897,493.965,10106199340,13353480442,17641624485,False,,Based on Nvidia fiscal quarters. Generated on 2026-09-24 17:33
Microsoft Nvidia A100 cumulative Q1 2022 through Q3 2024,Nvidia,Microsoft,A100,2022-01-01,2024-09-30,147063,227035,353206,46371,71587,111370,58.825,90.814,141.283,1764761667,2724419663,4238475324,False,,Based on Nvidia fiscal quarters. Generated on 2026-09-24 17:33
Microsoft Nvidia H100/H200 cumulative Q1 2022 through Q3 2024,Nvidia,Microsoft,H100/H200,2022-01-01,2024-09-30,557648,733776,973836,557648,733776,973836,390.354,513.643,681.685,13941204264,18344403348,24345896668,False,,Based on Nvidia fiscal quarters. Generated on 2026-09-24 17:33
Microsoft Nvidia A100 cumulative Q1 2022 through Q4 2024,Nvidia,Microsoft,A100,2022-01-01,2024-12-31,147063,227035,353206,46371,71587,111370,58.825,90.814,141.283,1764761667,2724419663,4238475324,False,,Based on Nvidia fiscal quarters. Generated on 2026-09-24 17:33
Microsoft Nvidia H100/H200 cumulative Q1 2022 through Q4 2024,Nvidia,Microsoft,H100/H200,2022-01-01,2024-12-31,697821,917003,1218295,697821,917003,1218295,488.475,641.902,852.807,17445535156,22925068737,30457383032,False,,Based on Nvidia fiscal quarters. Generated on 2026-09-24 17:33
Microsoft Nvidia B200 cumulative Q1 2022 through Q4 2024,Nvidia,Microsoft,B200,2022-01-01,2024-12-31,40085,55416,77639,101276,140011,196158,48.102,66.5,93.167,1483150376,2050408666,2872652033,False,,Based on Nvidia fiscal quarters. Generated on 2026-09-24 17:33
Microsoft Nvidia A100 cumulative Q1 2022 through Q1 2025,Nvidia,Microsoft,A100,2022-01-01,2025-03-31,147063,227035,353206,46371,71587,111370,58.825,90.814,141.283,1764761667,2724419663,4238475324,False,,Based on Nvidia fiscal quarters. Generated on 2026-09-24 17:33
Microsoft Nvidia H100/H200 cumulative Q1 2022 through Q1 2025,Nvidia,Microsoft,H100/H200,2022-01-01,2025-03-31,764638,1003645,1329335,764638,1003645,1329335,535.246,702.551,930.534,19115938315,25091115127,33233372385,False,,Based on Nvidia fiscal quarters. Generated on 2026-09-24 17:33
Microsoft Nvidia B200 cumulative Q1 2022 through Q1 2025,Nvidia,Microsoft,B200,2022-01-01,2025-03-31,141006,189646,254861,356255,479145,643914,169.207,227.575,305.833,5217206581,7016893951,9429862804,False,,Based on Nvidia fiscal quarters. Generated on 2026-09-24 17:33
Microsoft Nvidia A100 cumulative Q1 2022 through Q2 2025,Nvidia,Microsoft,A100,2022-01-01,2025-06-30,147063,227035,353206,46371,71587,111370,58.825,90.814,141.283,1764761667,2724419663,4238475324,False,,Based on Nvidia fiscal quarters. Generated on 2026-09-24 17:33
Microsoft Nvidia H100/H200 cumulative Q1 2022 through Q2 2025,Nvidia,Microsoft,H100/H200,2022-01-01,2025-06-30,807559,1059443,1399949,807559,1059443,1399949,565.291,741.61,979.964,20188973600,26486078245,34998726520,False,,Based on Nvidia fiscal quarters. Generated on 2026-09-24 17:33
Microsoft Nvidia B200 cumulative Q1 2022 through Q2 2025,Nvidia,Microsoft,B200,2022-01-01,2025-06-30,221753,295327,393956,560265,746153,995342,266.103,354.393,472.748,8204855865,10927106831,14576384366,False,,Based on Nvidia fiscal quarters. Generated on 2026-09-24 17:33
Microsoft Nvidia B300 cumulative Q1 2022 through Q2 2025,Nvidia,Microsoft,B300,2022-01-01,2025-06-30,36299,50464,70617,91709,127498,178417,50.818,70.649,98.864,1560839339,2169937228,3036543492,False,,Based on Nvidia fiscal quarters. Generated on 2026-09-24 17:33
Microsoft Nvidia A100 cumulative Q1 2022 through Q3 2025,Nvidia,Microsoft,A100,2022-01-01,2025-09-30,147063,227035,353206,46371,71587,111370,58.825,90.814,141.283,1764761667,2724419663,4238475324,False,,Based on Nvidia fiscal quarters. Generated on 2026-09-24 17:33
Microsoft Nvidia H100/H200 cumulative Q1 2022 through Q3 2025,Nvidia,Microsoft,H100/H200,2022-01-01,2025-09-30,830244,1088659,1437884,830244,1088659,1437884,581.171,762.061,1006.519,20756092168,27216468045,35947104418,False,,Based on Nvidia fiscal quarters. Generated on 2026-09-24 17:33
Microsoft Nvidia B200 cumulative Q1 2022 through Q3 2025,Nvidia,Microsoft,B200,2022-01-01,2025-09-30,282534,374250,494805,713829,945553,1250138,339.04,449.1,593.766,10453744685,13847249424,18307777568,False,,Based on Nvidia fiscal quarters. Generated on 2026-09-24 17:33
Microsoft Nvidia B300 cumulative Q1 2022 through Q3 2025,Nvidia,Microsoft,B300,2022-01-01,2025-09-30,126890,171630,230908,320592,433629,583395,177.647,240.283,323.271,5456289697,7380108436,9929026500,False,,Based on Nvidia fiscal quarters. Generated on 2026-09-24 17:33
Microsoft Nvidia A100 cumulative Q1 2022 through Q4 2025,Nvidia,Microsoft,A100,2022-01-01,2025-12-31,147063,227035,353206,46371,71587,111370,58.825,90.814,141.283,1764761667,2724419663,4238475324,False,,Based on Nvidia fiscal quarters. Generated on 2026-09-24 17:33
Microsoft Nvidia H100/H200 cumulative Q1 2022 through Q4 2025,Nvidia,Microsoft,H100/H200,2022-01-01,2025-12-31,834492,1093460,1444564,834492,1093460,1444564,584.144,765.422,1011.195,20862301952,27336508691,36114098610,False,,Based on Nvidia fiscal quarters. Generated on 2026-09-24 17:33
Microsoft Nvidia B200 cumulative Q1 2022 through Q4 2025,Nvidia,Microsoft,B200,2022-01-01,2025-12-31,348581,459482,605272,880700,1160893,1529236,418.297,551.378,726.326,12897504701,17000815584,22395045906,False,,Based on Nvidia fiscal quarters. Generated on 2026-09-24 17:33
Microsoft Nvidia B300 cumulative Q1 2022 through Q4 2025,Nvidia,Microsoft,B300,2022-01-01,2025-12-31,243491,323881,430834,615186,818295,1088515,340.887,453.434,603.168,10470104926,13926891860,18525869724,False,,Based on Nvidia fiscal quarters. Generated on 2026-09-24 17:33
Microsoft Nvidia A100 cumulative Q1 2022 through Q1 2026,Nvidia,Microsoft,A100,2022-01-01,2026-03-31,147063,227035,353206,46371,71587,111370,58.825,90.814,141.283,1764761667,2724419663,4238475324,True,,Based on Nvidia fiscal quarters. Generated on 2026-09-24 17:33
Microsoft Nvidia H100/H200 cumulative Q1 2022 through Q1 2026,Nvidia,Microsoft,H100/H200,2022-01-01,2026-03-31,834492,1093460,1444564,834492,1093460,1444564,584.144,765.422,1011.195,20862301952,27336508691,36114098610,True,,Based on Nvidia fiscal quarters. Generated on 2026-09-24 17:33
Microsoft Nvidia B200 cumulative Q1 2022 through Q1 2026,Nvidia,Microsoft,B200,2022-01-01,2026-03-31,366520,483598,636666,926022,1221824,1608556,439.824,580.318,764.0,13561228649,17893125919,23556654052,True,,Based on Nvidia fiscal quarters. Generated on 2026-09-24 17:33
Microsoft Nvidia B300 cumulative Q1 2022 through Q1 2026,Nvidia,Microsoft,B300,2022-01-01,2026-03-31,276211,366190,486323,697855,925189,1228710,386.695,512.666,680.853,11877066661,15746169953,20911909755,True,,Based on Nvidia fiscal quarters. Generated on 2026-09-24 17:33
Meta Nvidia A100 cumulative Q1 2022 through Q1 2022,Nvidia,Meta,A100,2022-01-01,2022-03-31,14505,24610,42530,4574,7760,13410,5.802,9.844,17.012,174064452,295322632,510364656,False,,Based on Nvidia fiscal quarters. Generated on 2026-09-24 17:33
Meta Nvidia A100 cumulative Q1 2022 through Q2 2022,Nvidia,Meta,A100,2022-01-01,2022-06-30,30524,51256,85992,9625,16162,27114,12.21,20.502,34.397,366287180,615074010,1031906108,False,,Based on Nvidia fiscal quarters. Generated on 2026-09-24 17:33
Meta Nvidia A100 cumulative Q1 2022 through Q3 2022,Nvidia,Meta,A100,2022-01-01,2022-09-30,46302,76280,126308,14600,24052,39826,18.521,30.512,50.523,555629400,915362721,1515698687,False,,Based on Nvidia fiscal quarters. Generated on 2026-09-24 17:33
Meta Nvidia H100/H200 cumulative Q1 2022 through Q3 2022,Nvidia,Meta,H100/H200,2022-01-01,2022-09-30,406,703,1214,406,703,1214,0.284,0.492,0.85,10151004,17576664,30354637,False,,Based on Nvidia fiscal quarters. Generated on 2026-09-24 17:33
Meta Nvidia A100 cumulative Q1 2022 through Q4 2022,Nvidia,Meta,A100,2022-01-01,2022-12-31,56294,90758,148018,17750,28617,46672,22.517,36.303,59.207,675522977,1089100165,1776221081,False,,Based on Nvidia fiscal quarters. Generated on 2026-09-24 17:33
Meta Nvidia H100/H200 cumulative Q1 2022 through Q4 2022,Nvidia,Meta,H100/H200,2022-01-01,2022-12-31,3709,5264,7374,3709,5264,7374,2.596,3.685,5.162,92721257,131598577,184353879,False,,Based on Nvidia fiscal quarters. Generated on 2026-09-24 17:33
Meta Nvidia A100 cumulative Q1 2022 through Q1 2023,Nvidia,Meta,A100,2022-01-01,2023-03-31,62687,99236,159754,19766,31290,50372,25.075,39.694,63.902,752245830,1190830088,1917052565,False,,Based on Nvidia fiscal quarters. Generated on 2026-09-24 17:33
Meta Nvidia H100/H200 cumulative Q1 2022 through Q1 2023,Nvidia,Meta,H100/H200,2022-01-01,2023-03-31,9769,13326,17965,9769,13326,17965,6.838,9.328,12.575,244223704,333143475,449114535,False,,Based on Nvidia fiscal quarters. Generated on 2026-09-24 17:33
Meta Nvidia A100 cumulative Q1 2022 through Q2 2023,Nvidia,Meta,A100,2022-01-01,2023-06-30,69556,108797,172030,21932,34305,54243,27.822,43.519,68.812,834667509,1305561282,2064361391,False,,Based on Nvidia fiscal quarters. Generated on 2026-09-24 17:33
Meta Nvidia H100/H200 cumulative Q1 2022 through Q2 2023,Nvidia,Meta,H100/H200,2022-01-01,2023-06-30,25987,34884,46980,25987,34884,46980,18.191,24.419,32.886,649664999,872110485,1174498801,False,,Based on Nvidia fiscal quarters. Generated on 2026-09-24 17:33
Meta Nvidia A100 cumulative Q1 2022 through Q3 2023,Nvidia,Meta,A100,2022-01-01,2023-09-30,75372,116793,182859,23766,36826,57657,30.149,46.717,73.144,904469687,1401518115,2194311142,False,,Based on Nvidia fiscal quarters. Generated on 2026-09-24 17:33
Meta Nvidia H100/H200 cumulative Q1 2022 through Q3 2023,Nvidia,Meta,H100/H200,2022-01-01,2023-09-30,53963,71982,95904,53963,71982,95904,37.774,50.387,67.133,1349086217,1799543961,2397590859,False,,Based on Nvidia fiscal quarters. Generated on 2026-09-24 17:33
Meta Nvidia A100 cumulative Q1 2022 through Q4 2023,Nvidia,Meta,A100,2022-01-01,2023-12-31,77063,118947,185923,24299,37505,58623,30.825,47.579,74.369,924750557,1427366127,2231074337,False,,Based on Nvidia fiscal quarters. Generated on 2026-09-24 17:33
Meta Nvidia H100/H200 cumulative Q1 2022 through Q4 2023,Nvidia,Meta,H100/H200,2022-01-01,2023-12-31,92978,123566,163743,92978,123566,163743,65.085,86.496,114.62,2324452472,3089144780,4093572212,False,,Based on Nvidia fiscal quarters. Generated on 2026-09-24 17:33
Meta Nvidia A100 cumulative Q1 2022 through Q1 2024,Nvidia,Meta,A100,2022-01-01,2024-03-31,77063,118947,185923,24299,37505,58623,30.825,47.579,74.369,924750557,1427366127,2231074337,False,,Based on Nvidia fiscal quarters. Generated on 2026-09-24 17:33
Meta Nvidia H100/H200 cumulative Q1 2022 through Q1 2024,Nvidia,Meta,H100/H200,2022-01-01,2024-03-31,146773,194998,257307,146773,194998,257307,102.741,136.499,180.115,3669326453,4874958321,6432670667,False,,Based on Nvidia fiscal quarters. Generated on 2026-09-24 17:33
Meta Nvidia A100 cumulative Q1 2022 through Q2 2024,Nvidia,Meta,A100,2022-01-01,2024-06-30,77063,118947,185923,24299,37505,58623,30.825,47.579,74.369,924750557,1427366127,2231074337,False,,Based on Nvidia fiscal quarters. Generated on 2026-09-24 17:33
Meta Nvidia H100/H200 cumulative Q1 2022 through Q2 2024,Nvidia,Meta,H100/H200,2022-01-01,2024-06-30,211424,281570,371366,211424,281570,371366,147.997,197.099,259.956,5285606847,7039245554,9284142494,False,,Based on Nvidia fiscal quarters. Generated on 2026-09-24 17:33
Meta Nvidia A100 cumulative Q1 2022 through Q3 2024,Nvidia,Meta,A100,2022-01-01,2024-09-30,77063,118947,185923,24299,37505,58623,30.825,47.579,74.369,924750557,1427366127,2231074337,False,,Based on Nvidia fiscal quarters. Generated on 2026-09-24 17:33
Meta Nvidia H100/H200 cumulative Q1 2022 through Q3 2024,Nvidia,Meta,H100/H200,2022-01-01,2024-09-30,291247,386911,508623,291247,386911,508623,203.873,270.838,356.036,7281180192,9672785049,12715585563,False,,Based on Nvidia fiscal quarters. Generated on 2026-09-24 17:33
Meta Nvidia A100 cumulative Q1 2022 through Q4 2024,Nvidia,Meta,A100,2022-01-01,2024-12-31,77063,118947,185923,24299,37505,58623,30.825,47.579,74.369,924750557,1427366127,2231074337,False,,Based on Nvidia fiscal quarters. Generated on 2026-09-24 17:33
Meta Nvidia H100/H200 cumulative Q1 2022 through Q4 2024,Nvidia,Meta,H100/H200,2022-01-01,2024-12-31,369212,488451,639016,369212,488451,639016,258.449,341.916,447.311,9230310318,12211280732,15975399701,False,,Based on Nvidia fiscal quarters. Generated on 2026-09-24 17:33
Meta Nvidia B200 cumulative Q1 2022 through Q4 2024,Nvidia,Meta,B200,2022-01-01,2024-12-31,22696,31289,43657,57342,79052,110301,27.235,37.546,52.389,839755624,1157679753,1615314401,False,,Based on Nvidia fiscal quarters. Generated on 2026-09-24 17:33
Meta Nvidia A100 cumulative Q1 2022 through Q1 2025,Nvidia,Meta,A100,2022-01-01,2025-03-31,77063,118947,185923,24299,37505,58623,30.825,47.579,74.369,924750557,1427366127,2231074337,False,,Based on Nvidia fiscal quarters. Generated on 2026-09-24 17:33
Meta Nvidia H100/H200 cumulative Q1 2022 through Q1 2025,Nvidia,Meta,H100/H200,2022-01-01,2025-03-31,409820,539963,705679,409820,539963,705679,286.874,377.974,493.975,10245508067,13499069105,17641962931,False,,Based on Nvidia fiscal quarters. Generated on 2026-09-24 17:33
Meta Nvidia B200 cumulative Q1 2022 through Q1 2025,Nvidia,Meta,B200,2022-01-01,2025-03-31,84176,112904,152384,212672,285254,385002,101.011,135.484,182.861,3114501848,4177437945,5638202013,False,,Based on Nvidia fiscal quarters. Generated on 2026-09-24 17:33
Meta Nvidia A100 cumulative Q1 2022 through Q2 2025,Nvidia,Meta,A100,2022-01-01,2025-06-30,77063,118947,185923,24299,37505,58623,30.825,47.579,74.369,924750557,1427366127,2231074337,False,,Based on Nvidia fiscal quarters. Generated on 2026-09-24 17:33
Meta Nvidia H100/H200 cumulative Q1 2022 through Q2 2025,Nvidia,Meta,H100/H200,2022-01-01,2025-06-30,435201,573324,748725,435201,573324,748725,304.641,401.327,524.107,10880034792,14333110730,18718124876,False,,Based on Nvidia fiscal quarters. Generated on 2026-09-24 17:33
Meta Nvidia B200 cumulative Q1 2022 through Q2 2025,Nvidia,Meta,B200,2022-01-01,2025-06-30,132539,176637,236082,334862,446278,596468,159.046,211.964,283.298,4903924527,6535560276,8735029282,False,,Based on Nvidia fiscal quarters. Generated on 2026-09-24 17:33
Meta Nvidia B300 cumulative Q1 2022 through Q2 2025,Nvidia,Meta,B300,2022-01-01,2025-06-30,21544,29806,41489,54433,75305,104822,30.162,41.728,58.084,926412291,1281643674,1784012868,False,,Based on Nvidia fiscal quarters. Generated on 2026-09-24 17:33
Meta Nvidia A100 cumulative Q1 2022 through Q3 2025,Nvidia,Meta,A100,2022-01-01,2025-09-30,77063,118947,185923,24299,37505,58623,30.825,47.579,74.369,924750557,1427366127,2231074337,False,,Based on Nvidia fiscal quarters. Generated on 2026-09-24 17:33
Meta Nvidia H100/H200 cumulative Q1 2022 through Q3 2025,Nvidia,Meta,H100/H200,2022-01-01,2025-09-30,448876,591275,770352,448876,591275,770352,314.213,413.893,539.246,11221888975,14781881635,19258801961,False,,Based on Nvidia fiscal quarters. Generated on 2026-09-24 17:33
Meta Nvidia B200 cumulative Q1 2022 through Q3 2025,Nvidia,Meta,B200,2022-01-01,2025-09-30,170365,224764,297603,430431,567872,751902,204.437,269.717,357.124,6303489367,8316262478,11011309776,False,,Based on Nvidia fiscal quarters. Generated on 2026-09-24 17:33
Meta Nvidia B300 cumulative Q1 2022 through Q3 2025,Nvidia,Meta,B300,2022-01-01,2025-09-30,77065,103861,141174,194708,262408,356680,107.891,145.406,197.644,3313810305,4466034709,6070485247,False,,Based on Nvidia fiscal quarters. Generated on 2026-09-24 17:33
Meta Nvidia A100 cumulative Q1 2022 through Q4 2025,Nvidia,Meta,A100,2022-01-01,2025-12-31,77063,118947,185923,24299,37505,58623,30.825,47.579,74.369,924750557,1427366127,2231074337,False,,Based on Nvidia fiscal quarters. Generated on 2026-09-24 17:33
Meta Nvidia H100/H200 cumulative Q1 2022 through Q4 2025,Nvidia,Meta,H100/H200,2022-01-01,2025-12-31,451396,594470,774476,451396,594470,774476,315.978,416.129,542.133,11284911596,14861756546,19361908580,False,,Based on Nvidia fiscal quarters. Generated on 2026-09-24 17:33
Meta Nvidia B200 cumulative Q1 2022 through Q4 2025,Nvidia,Meta,B200,2022-01-01,2025-12-31,211477,278492,367322,534303,703618,928048,253.773,334.191,440.786,7824653386,10304210874,13590897676,False,,Based on Nvidia fiscal quarters. Generated on 2026-09-24 17:33
Meta Nvidia B300 cumulative Q1 2022 through Q4 2025,Nvidia,Meta,B300,2022-01-01,2025-12-31,149032,199617,269066,376532,504338,679802,208.644,279.464,376.692,6408356360,8583529086,11569829280,False,,Based on Nvidia fiscal quarters. Generated on 2026-09-24 17:33
Meta Nvidia A100 cumulative Q1 2022 through Q1 2026,Nvidia,Meta,A100,2022-01-01,2026-03-31,77063,118947,185923,24299,37505,58623,30.825,47.579,74.369,924750557,1427366127,2231074337,True,,Based on Nvidia fiscal quarters. Generated on 2026-09-24 17:33
Meta Nvidia H100/H200 cumulative Q1 2022 through Q1 2026,Nvidia,Meta,H100/H200,2022-01-01,2026-03-31,451396,594470,774476,451396,594470,774476,315.978,416.129,542.133,11284911596,14861756546,19361908580,True,,Based on Nvidia fiscal quarters. Generated on 2026-09-24 17:33
Meta Nvidia B200 cumulative Q1 2022 through Q1 2026,Nvidia,Meta,B200,2022-01-01,2026-03-31,223475,293822,387565,564616,742349,979193,268.17,352.586,465.078,8268568553,10871411235,14339895583,True,,Based on Nvidia fiscal quarters. Generated on 2026-09-24 17:33
Meta Nvidia B300 cumulative Q1 2022 through Q1 2026,Nvidia,Meta,B300,2022-01-01,2026-03-31,168494,226556,304892,425705,572401,770318,235.892,317.179,426.848,7245245360,9741915878,13110344647,True,,Based on Nvidia fiscal quarters. Generated on 2026-09-24 17:33
Amazon Nvidia A100 cumulative Q1 2022 through Q1 2022,Nvidia,Amazon,A100,2022-01-01,2022-03-31,10611,17885,30655,3346,5639,9666,4.244,7.154,12.262,127334097,214625292,367857145,False,,Based on Nvidia fiscal quarters. Generated on 2026-09-24 17:33
Amazon Nvidia A100 cumulative Q1 2022 through Q2 2022,Nvidia,Amazon,A100,2022-01-01,2022-06-30,22794,37105,62249,7187,11700,19628,9.118,14.842,24.9,273533003,445256073,746987994,False,,Based on Nvidia fiscal quarters. Generated on 2026-09-24 17:33
Amazon Nvidia A100 cumulative Q1 2022 through Q3 2022,Nvidia,Amazon,A100,2022-01-01,2022-09-30,34519,55612,91679,10884,17535,28907,13.808,22.245,36.671,414232234,667340914,1100142711,False,,Based on Nvidia fiscal quarters. Generated on 2026-09-24 17:33
Amazon Nvidia H100/H200 cumulative Q1 2022 through Q3 2022,Nvidia,Amazon,H100/H200,2022-01-01,2022-09-30,297,515,876,297,515,876,0.208,0.36,0.613,7417804,12872773,21900546,False,,Based on Nvidia fiscal quarters. Generated on 2026-09-24 17:33
Amazon Nvidia A100 cumulative Q1 2022 through Q4 2022,Nvidia,Amazon,A100,2022-01-01,2022-12-31,41960,66232,107408,13231,20884,33867,16.784,26.493,42.963,503524856,794779068,1288898861,False,,Based on Nvidia fiscal quarters. Generated on 2026-09-24 17:33
Amazon Nvidia H100/H200 cumulative Q1 2022 through Q4 2022,Nvidia,Amazon,H100/H200,2022-01-01,2022-12-31,2701,3836,5310,2701,3836,5310,1.891,2.685,3.717,67528380,95910382,132750398,False,,Based on Nvidia fiscal quarters. Generated on 2026-09-24 17:33
Amazon Nvidia A100 cumulative Q1 2022 through Q1 2023,Nvidia,Amazon,A100,2022-01-01,2023-03-31,46374,72321,115619,14622,22804,36456,18.549,28.928,46.247,556482094,867851161,1387423519,False,,Based on Nvidia fiscal quarters. Generated on 2026-09-24 17:33
Amazon Nvidia H100/H200 cumulative Q1 2022 through Q1 2023,Nvidia,Amazon,H100/H200,2022-01-01,2023-03-31,7165,9685,13009,7165,9685,13009,5.015,6.779,9.106,179113433,242113734,325217665,False,,Based on Nvidia fiscal quarters. Generated on 2026-09-24 17:33
Amazon Nvidia A100 cumulative Q1 2022 through Q2 2023,Nvidia,Amazon,A100,2022-01-01,2023-06-30,51271,78990,124757,16166,24906,39337,20.509,31.596,49.903,615256347,947883322,1497083455,False,,Based on Nvidia fiscal quarters. Generated on 2026-09-24 17:33
Amazon Nvidia H100/H200 cumulative Q1 2022 through Q2 2023,Nvidia,Amazon,H100/H200,2022-01-01,2023-06-30,18852,25449,33539,18852,25449,33539,13.196,17.814,23.477,471290797,636223665,838471993,False,,Based on Nvidia fiscal quarters. Generated on 2026-09-24 17:33
Amazon Nvidia A100 cumulative Q1 2022 through Q3 2023,Nvidia,Amazon,A100,2022-01-01,2023-09-30,55521,84804,132496,17506,26740,41778,22.208,33.922,52.999,666250914,1017647601,1589957660,False,,Based on Nvidia fiscal quarters. Generated on 2026-09-24 17:33
Amazon Nvidia H100/H200 cumulative Q1 2022 through Q3 2023,Nvidia,Amazon,H100/H200,2022-01-01,2023-09-30,38842,52460,69126,38842,52460,69126,27.189,36.722,48.388,971043679,1311488999,1728145524,False,,Based on Nvidia fiscal quarters. Generated on 2026-09-24 17:33
Amazon Nvidia A100 cumulative Q1 2022 through Q4 2023,Nvidia,Amazon,A100,2022-01-01,2023-12-31,56669,86410,134708,17868,27246,42475,22.668,34.564,53.883,680032761,1036921205,1616492586,False,,Based on Nvidia fiscal quarters. Generated on 2026-09-24 17:33
Amazon Nvidia H100/H200 cumulative Q1 2022 through Q4 2023,Nvidia,Amazon,H100/H200,2022-01-01,2023-12-31,66862,89882,118316,66862,89882,118316,46.804,62.918,82.821,1671560222,2247061090,2957906115,False,,Based on Nvidia fiscal quarters. Generated on 2026-09-24 17:33
Amazon Nvidia A100 cumulative Q1 2022 through Q1 2024,Nvidia,Amazon,A100,2022-01-01,2024-03-31,56669,86410,134708,17868,27246,42475,22.668,34.564,53.883,680032761,1036921205,1616492586,False,,Based on Nvidia fiscal quarters. Generated on 2026-09-24 17:33
Amazon Nvidia H100/H200 cumulative Q1 2022 through Q1 2024,Nvidia,Amazon,H100/H200,2022-01-01,2024-03-31,105271,141426,185318,105271,141426,185318,73.69,98.998,129.723,2631770669,3535637516,4632946684,False,,Based on Nvidia fiscal quarters. Generated on 2026-09-24 17:33
Amazon Nvidia A100 cumulative Q1 2022 through Q2 2024,Nvidia,Amazon,A100,2022-01-01,2024-06-30,56669,86410,134708,17868,27246,42475,22.668,34.564,53.883,680032761,1036921205,1616492586,False,,Based on Nvidia fiscal quarters. Generated on 2026-09-24 17:33
Amazon Nvidia H100/H200 cumulative Q1 2022 through Q2 2024,Nvidia,Amazon,H100/H200,2022-01-01,2024-06-30,153253,204667,266839,153253,204667,266839,107.277,143.267,186.787,3831336963,5116673918,6670972957,False,,Based on Nvidia fiscal quarters. Generated on 2026-09-24 17:33
Amazon Nvidia A100 cumulative Q1 2022 through Q3 2024,Nvidia,Amazon,A100,2022-01-01,2024-09-30,56669,86410,134708,17868,27246,42475,22.668,34.564,53.883,680032761,1036921205,1616492586,False,,Based on Nvidia fiscal quarters. Generated on 2026-09-24 17:33
Amazon Nvidia H100/H200 cumulative Q1 2022 through Q3 2024,Nvidia,Amazon,H100/H200,2022-01-01,2024-09-30,211673,281626,366323,211673,281626,366323,148.171,197.138,256.426,5291833069,7040655956,9158073107,False,,Based on Nvidia fiscal quarters. Generated on 2026-09-24 17:33
Amazon Nvidia A100 cumulative Q1 2022 through Q4 2024,Nvidia,Amazon,A100,2022-01-01,2024-12-31,56669,86410,134708,17868,27246,42475,22.668,34.564,53.883,680032761,1036921205,1616492586,False,,Based on Nvidia fiscal quarters. Generated on 2026-09-24 17:33
Amazon Nvidia H100/H200 cumulative Q1 2022 through Q4 2024,Nvidia,Amazon,H100/H200,2022-01-01,2024-12-31,275275,363038,472568,275275,363038,472568,192.693,254.126,330.798,6881875190,9075941720,11814200822,False,,Based on Nvidia fiscal quarters. Generated on 2026-09-24 17:33
Amazon Nvidia B200 cumulative Q1 2022 through Q4 2024,Nvidia,Amazon,B200,2022-01-01,2024-12-31,19316,26574,37026,48802,67139,93548,23.179,31.888,44.432,714691101,983222662,1369975207,False,,Based on Nvidia fiscal quarters. Generated on 2026-09-24 17:33
Amazon Nvidia A100 cumulative Q1 2022 through Q1 2025,Nvidia,Amazon,A100,2022-01-01,2025-03-31,56669,86410,134708,17868,27246,42475,22.668,34.564,53.883,680032761,1036921205,1616492586,False,,Based on Nvidia fiscal quarters. Generated on 2026-09-24 17:33
Amazon Nvidia H100/H200 cumulative Q1 2022 through Q1 2025,Nvidia,Amazon,H100/H200,2022-01-01,2025-03-31,308300,407225,529479,308300,407225,529479,215.81,285.057,370.635,7707501631,10180624253,13236969141,False,,Based on Nvidia fiscal quarters. Generated on 2026-09-24 17:33
Amazon Nvidia B200 cumulative Q1 2022 through Q1 2025,Nvidia,Amazon,B200,2022-01-01,2025-03-31,71527,95701,128987,180716,241792,325890,85.833,114.842,154.785,2646508381,3540947763,4772530703,False,,Based on Nvidia fiscal quarters. Generated on 2026-09-24 17:33
Amazon Nvidia A100 cumulative Q1 2022 through Q2 2025,Nvidia,Amazon,A100,2022-01-01,2025-06-30,56669,86410,134708,17868,27246,42475,22.668,34.564,53.883,680032761,1036921205,1616492586,False,,Based on Nvidia fiscal quarters. Generated on 2026-09-24 17:33
Amazon Nvidia H100/H200 cumulative Q1 2022 through Q2 2025,Nvidia,Amazon,H100/H200,2022-01-01,2025-06-30,329781,435023,564749,329781,435023,564749,230.847,304.516,395.324,8244522852,10875570925,14118716900,False,,Based on Nvidia fiscal quarters. Generated on 2026-09-24 17:33
Amazon Nvidia B200 cumulative Q1 2022 through Q2 2025,Nvidia,Amazon,B200,2022-01-01,2025-06-30,112435,149579,200029,284070,377915,505380,134.922,179.495,240.035,4160096732,5534421276,7401086640,False,,Based on Nvidia fiscal quarters. Generated on 2026-09-24 17:33
Amazon Nvidia B300 cumulative Q1 2022 through Q2 2025,Nvidia,Amazon,B300,2022-01-01,2025-06-30,18163,25143,34870,45890,63524,88099,25.429,35.2,48.817,781026860,1081136907,1499394561,False,,Based on Nvidia fiscal quarters. Generated on 2026-09-24 17:33
Amazon Nvidia A100 cumulative Q1 2022 through Q3 2025,Nvidia,Amazon,A100,2022-01-01,2025-09-30,56669,86410,134708,17868,27246,42475,22.668,34.564,53.883,680032761,1036921205,1616492586,False,,Based on Nvidia fiscal quarters. Generated on 2026-09-24 17:33
Amazon Nvidia H100/H200 cumulative Q1 2022 through Q3 2025,Nvidia,Amazon,H100/H200,2022-01-01,2025-09-30,340621,449303,582751,340621,449303,582751,238.435,314.512,407.926,8515528738,11232570332,14568779525,False,,Based on Nvidia fiscal quarters. Generated on 2026-09-24 17:33
Amazon Nvidia B200 cumulative Q1 2022 through Q3 2025,Nvidia,Amazon,B200,2022-01-01,2025-09-30,141825,187230,249152,358325,473043,629490,170.19,224.677,298.983,5247533082,6927526821,9218629234,False,,Based on Nvidia fiscal quarters. Generated on 2026-09-24 17:33
Amazon Nvidia B300 cumulative Q1 2022 through Q3 2025,Nvidia,Amazon,B300,2022-01-01,2025-09-30,61527,82994,112387,155450,209687,283950,86.138,116.192,157.342,2645663317,3568747093,4832653420,False,,Based on Nvidia fiscal quarters. Generated on 2026-09-24 17:33
Amazon Nvidia A100 cumulative Q1 2022 through Q4 2025,Nvidia,Amazon,A100,2022-01-01,2025-12-31,56669,86410,134708,17868,27246,42475,22.668,34.564,53.883,680032761,1036921205,1616492586,False,,Based on Nvidia fiscal quarters. Generated on 2026-09-24 17:33
Amazon Nvidia H100/H200 cumulative Q1 2022 through Q4 2025,Nvidia,Amazon,H100/H200,2022-01-01,2025-12-31,342471,451831,585637,342471,451831,585637,239.73,316.281,409.946,8561787398,11295765471,14640919298,False,,Based on Nvidia fiscal quarters. Generated on 2026-09-24 17:33
Amazon Nvidia B200 cumulative Q1 2022 through Q4 2025,Nvidia,Amazon,B200,2022-01-01,2025-12-31,171015,224374,297876,432073,566887,752592,205.218,269.249,357.451,6327540399,8301835976,11021414757,False,,Based on Nvidia fiscal quarters. Generated on 2026-09-24 17:33
Amazon Nvidia B300 cumulative Q1 2022 through Q4 2025,Nvidia,Amazon,B300,2022-01-01,2025-12-31,111708,149130,200190,282234,376781,505787,156.392,208.782,280.267,4803456042,6412587823,8608190020,False,,Based on Nvidia fiscal quarters. Generated on 2026-09-24 17:33
Amazon Nvidia A100 cumulative Q1 2022 through Q1 2026,Nvidia,Amazon,A100,2022-01-01,2026-03-31,56669,86410,134708,17868,27246,42475,22.668,34.564,53.883,680032761,1036921205,1616492586,True,,Based on Nvidia fiscal quarters. Generated on 2026-09-24 17:33
Amazon Nvidia H100/H200 cumulative Q1 2022 through Q1 2026,Nvidia,Amazon,H100/H200,2022-01-01,2026-03-31,342471,451831,585637,342471,451831,585637,239.73,316.281,409.946,8561787398,11295765471,14640919298,True,,Based on Nvidia fiscal quarters. Generated on 2026-09-24 17:33
Amazon Nvidia B200 cumulative Q1 2022 through Q1 2026,Nvidia,Amazon,B200,2022-01-01,2026-03-31,178927,234707,311078,452064,592995,785946,214.712,281.649,373.293,6620294711,8684167569,11509869337,True,,Based on Nvidia fiscal quarters. Generated on 2026-09-24 17:33
Amazon Nvidia B300 cumulative Q1 2022 through Q1 2026,Nvidia,Amazon,B300,2022-01-01,2026-03-31,125091,167021,223888,316046,421984,565659,175.127,233.83,313.443,5378912020,7181911166,9627181894,True,,Based on Nvidia fiscal quarters. Generated on 2026-09-24 17:33
Google Nvidia A100 cumulative Q1 2022 through Q1 2022,Nvidia,Google,A100,2022-01-01,2022-03-31,10686,18078,30202,3370,5700,9523,4.275,7.231,12.081,128235688,216937090,362427058,False,,Based on Nvidia fiscal quarters. Generated on 2026-09-24 17:33
Google Nvidia A100 cumulative Q1 2022 through Q2 2022,Nvidia,Google,A100,2022-01-01,2022-06-30,22408,37219,61100,7066,11736,19265,8.963,14.888,24.44,268898714,446631199,733198728,False,,Based on Nvidia fiscal quarters. Generated on 2026-09-24 17:33
Google Nvidia A100 cumulative Q1 2022 through Q3 2022,Nvidia,Google,A100,2022-01-01,2022-09-30,34113,55715,90432,10756,17568,28514,13.645,22.286,36.173,409356343,668583505,1085186115,False,,Based on Nvidia fiscal quarters. Generated on 2026-09-24 17:33
Google Nvidia H100/H200 cumulative Q1 2022 through Q3 2022,Nvidia,Google,H100/H200,2022-01-01,2022-09-30,298,511,878,298,511,878,0.209,0.358,0.615,7449454,12778915,21959106,False,,Based on Nvidia fiscal quarters. Generated on 2026-09-24 17:33
Google Nvidia A100 cumulative Q1 2022 through Q4 2022,Nvidia,Google,A100,2022-01-01,2022-12-31,41422,66221,106424,13061,20880,33557,16.569,26.489,42.57,497068037,794656877,1277091293,False,,Based on Nvidia fiscal quarters. Generated on 2026-09-24 17:33
Google Nvidia H100/H200 cumulative Q1 2022 through Q4 2022,Nvidia,Google,H100/H200,2022-01-01,2022-12-31,2721,3828,5395,2721,3828,5395,1.905,2.68,3.776,68034673,95706985,134869069,False,,Based on Nvidia fiscal quarters. Generated on 2026-09-24 17:33
Google Nvidia A100 cumulative Q1 2022 through Q1 2023,Nvidia,Google,A100,2022-01-01,2023-03-31,46106,72397,114433,14538,22828,36082,18.442,28.959,45.773,553270715,868763864,1373191093,False,,Based on Nvidia fiscal quarters. Generated on 2026-09-24 17:33
Google Nvidia H100/H200 cumulative Q1 2022 through Q1 2023,Nvidia,Google,H100/H200,2022-01-01,2023-03-31,7171,9691,13083,7171,9691,13083,5.019,6.783,9.158,179266844,242264517,327064714,False,,Based on Nvidia fiscal quarters. Generated on 2026-09-24 17:33
Google Nvidia A100 cumulative Q1 2022 through Q2 2023,Nvidia,Google,A100,2022-01-01,2023-06-30,51037,79024,123514,16092,24917,38945,20.415,31.609,49.405,612439975,948282694,1482162502,False,,Based on Nvidia fiscal quarters. Generated on 2026-09-24 17:33
Google Nvidia H100/H200 cumulative Q1 2022 through Q2 2023,Nvidia,Google,H100/H200,2022-01-01,2023-06-30,19010,25356,33816,19010,25356,33816,13.307,17.749,23.671,475240927,633890794,845405087,False,,Based on Nvidia fiscal quarters. Generated on 2026-09-24 17:33
Google Nvidia A100 cumulative Q1 2022 through Q3 2023,Nvidia,Google,A100,2022-01-01,2023-09-30,55119,84841,131316,17380,26751,41405,22.048,33.936,52.526,661433298,1018089620,1575792347,False,,Based on Nvidia fiscal quarters. Generated on 2026-09-24 17:33
Google Nvidia H100/H200 cumulative Q1 2022 through Q3 2023,Nvidia,Google,H100/H200,2022-01-01,2023-09-30,39410,52387,69948,39410,52387,69948,27.587,36.671,48.964,985247135,1309684363,1748700709,False,,Based on Nvidia fiscal quarters. Generated on 2026-09-24 17:33
Google Nvidia A100 cumulative Q1 2022 through Q4 2023,Nvidia,Google,A100,2022-01-01,2023-12-31,56222,86456,133584,17727,27260,42120,22.489,34.582,53.434,674663998,1037467189,1603007456,False,,Based on Nvidia fiscal quarters. Generated on 2026-09-24 17:33
Google Nvidia H100/H200 cumulative Q1 2022 through Q4 2023,Nvidia,Google,H100/H200,2022-01-01,2023-12-31,67130,89769,119425,67130,89769,119425,46.991,62.838,83.597,1678245827,2244215292,2985622561,False,,Based on Nvidia fiscal quarters. Generated on 2026-09-24 17:33
Google Nvidia A100 cumulative Q1 2022 through Q1 2024,Nvidia,Google,A100,2022-01-01,2024-03-31,56222,86456,133584,17727,27260,42120,22.489,34.582,53.434,674663998,1037467189,1603007456,False,,Based on Nvidia fiscal quarters. Generated on 2026-09-24 17:33
Google Nvidia H100/H200 cumulative Q1 2022 through Q1 2024,Nvidia,Google,H100/H200,2022-01-01,2024-03-31,106088,141015,187667,106088,141015,187667,74.262,98.711,131.367,2652204786,3525379888,4691668594,False,,Based on Nvidia fiscal quarters. Generated on 2026-09-24 17:33
Google Nvidia A100 cumulative Q1 2022 through Q2 2024,Nvidia,Google,A100,2022-01-01,2024-06-30,56222,86456,133584,17727,27260,42120,22.489,34.582,53.434,674663998,1037467189,1603007456,False,,Based on Nvidia fiscal quarters. Generated on 2026-09-24 17:33
Google Nvidia H100/H200 cumulative Q1 2022 through Q2 2024,Nvidia,Google,H100/H200,2022-01-01,2024-06-30,153863,203878,268980,153863,203878,268980,107.704,142.715,188.286,3846575925,5096955325,6724499535,False,,Based on Nvidia fiscal quarters. Generated on 2026-09-24 17:33
Google Nvidia A100 cumulative Q1 2022 through Q3 2024,Nvidia,Google,A100,2022-01-01,2024-09-30,56222,86456,133584,17727,27260,42120,22.489,34.582,53.434,674663998,1037467189,1603007456,False,,Based on Nvidia fiscal quarters. Generated on 2026-09-24 17:33
Google Nvidia H100/H200 cumulative Q1 2022 through Q3 2024,Nvidia,Google,H100/H200,2022-01-01,2024-09-30,212887,280549,368332,212887,280549,368332,149.021,196.384,257.832,5322177766,7013715568,9208293340,False,,Based on Nvidia fiscal quarters. Generated on 2026-09-24 17:33
Google Nvidia A100 cumulative Q1 2022 through Q4 2024,Nvidia,Google,A100,2022-01-01,2024-12-31,56222,86456,133584,17727,27260,42120,22.489,34.582,53.434,674663998,1037467189,1603007456,False,,Based on Nvidia fiscal quarters. Generated on 2026-09-24 17:33
Google Nvidia H100/H200 cumulative Q1 2022 through Q4 2024,Nvidia,Google,H100/H200,2022-01-01,2024-12-31,267158,351180,461583,267158,351180,461583,187.011,245.826,323.108,6678961085,8779505270,11539583190,False,,Based on Nvidia fiscal quarters. Generated on 2026-09-24 17:33
Google Nvidia B200 cumulative Q1 2022 through Q4 2024,Nvidia,Google,B200,2022-01-01,2024-12-31,15636,21704,30105,39504,54835,76060,18.763,26.044,36.126,578519139,803032715,1113871222,False,,Based on Nvidia fiscal quarters. Generated on 2026-09-24 17:33
Google Nvidia A100 cumulative Q1 2022 through Q1 2025,Nvidia,Google,A100,2022-01-01,2025-03-31,56222,86456,133584,17727,27260,42120,22.489,34.582,53.434,674663998,1037467189,1603007456,False,,Based on Nvidia fiscal quarters. Generated on 2026-09-24 17:33
Google Nvidia H100/H200 cumulative Q1 2022 through Q1 2025,Nvidia,Google,H100/H200,2022-01-01,2025-03-31,294408,386733,507857,294408,386733,507857,206.086,270.713,355.5,7360210710,9668316466,12696435697,False,,Based on Nvidia fiscal quarters. Generated on 2026-09-24 17:33
Google Nvidia B200 cumulative Q1 2022 through Q1 2025,Nvidia,Google,B200,2022-01-01,2025-03-31,57748,78360,104796,145901,197979,264770,69.297,94.032,125.755,2136663253,2899318865,3877453019,False,,Based on Nvidia fiscal quarters. Generated on 2026-09-24 17:33
Google Nvidia A100 cumulative Q1 2022 through Q2 2025,Nvidia,Google,A100,2022-01-01,2025-06-30,56222,86456,133584,17727,27260,42120,22.489,34.582,53.434,674663998,1037467189,1603007456,False,,Based on Nvidia fiscal quarters. Generated on 2026-09-24 17:33
Google Nvidia H100/H200 cumulative Q1 2022 through Q2 2025,Nvidia,Google,H100/H200,2022-01-01,2025-06-30,311781,409792,537981,311781,409792,537981,218.247,286.854,376.587,7794525005,10244789048,13449532848,False,,Based on Nvidia fiscal quarters. Generated on 2026-09-24 17:33
Google Nvidia B200 cumulative Q1 2022 through Q2 2025,Nvidia,Google,B200,2022-01-01,2025-06-30,91558,122561,162691,231324,309653,411043,109.869,147.073,195.229,3387641657,4534749901,6019561011,False,,Based on Nvidia fiscal quarters. Generated on 2026-09-24 17:33
Google Nvidia B300 cumulative Q1 2022 through Q2 2025,Nvidia,Google,B300,2022-01-01,2025-06-30,14782,20740,28585,37348,52400,72221,20.695,29.036,40.019,635640984,891825027,1229150230,False,,Based on Nvidia fiscal quarters. Generated on 2026-09-24 17:33
Google Nvidia A100 cumulative Q1 2022 through Q3 2025,Nvidia,Google,A100,2022-01-01,2025-09-30,56222,86456,133584,17727,27260,42120,22.489,34.582,53.434,674663998,1037467189,1603007456,False,,Based on Nvidia fiscal quarters. Generated on 2026-09-24 17:33
Google Nvidia H100/H200 cumulative Q1 2022 through Q3 2025,Nvidia,Google,H100/H200,2022-01-01,2025-09-30,320800,421509,553378,320800,421509,553378,224.56,295.056,387.365,8019989698,10537720521,13834451512,False,,Based on Nvidia fiscal quarters. Generated on 2026-09-24 17:33
Google Nvidia B200 cumulative Q1 2022 through Q3 2025,Nvidia,Google,B200,2022-01-01,2025-09-30,114947,153099,201829,290417,386810,509927,137.936,183.719,242.195,4253034449,5664673857,7467677602,False,,Based on Nvidia fiscal quarters. Generated on 2026-09-24 17:33
Google Nvidia B300 cumulative Q1 2022 through Q3 2025,Nvidia,Google,B300,2022-01-01,2025-09-30,50251,67381,90333,126961,170240,228228,70.351,94.333,126.466,2160794589,2897378711,3884311972,False,,Based on Nvidia fiscal quarters. Generated on 2026-09-24 17:33
Google Nvidia A100 cumulative Q1 2022 through Q4 2025,Nvidia,Google,A100,2022-01-01,2025-12-31,56222,86456,133584,17727,27260,42120,22.489,34.582,53.434,674663998,1037467189,1603007456,False,,Based on Nvidia fiscal quarters. Generated on 2026-09-24 17:33
Google Nvidia H100/H200 cumulative Q1 2022 through Q4 2025,Nvidia,Google,H100/H200,2022-01-01,2025-12-31,322332,423373,555799,322332,423373,555799,225.632,296.361,389.059,8058290017,10584320340,13894971667,False,,Based on Nvidia fiscal quarters. Generated on 2026-09-24 17:33
Google Nvidia B200 cumulative Q1 2022 through Q4 2025,Nvidia,Google,B200,2022-01-01,2025-12-31,139603,184849,242643,352711,467026,613044,167.523,221.819,291.171,5165305438,6839411989,8977778391,False,,Based on Nvidia fiscal quarters. Generated on 2026-09-24 17:33
Google Nvidia B300 cumulative Q1 2022 through Q4 2025,Nvidia,Google,B300,2022-01-01,2025-12-31,93355,123764,164918,235863,312694,416671,130.697,173.27,230.886,4014250645,5321868905,7091495439,False,,Based on Nvidia fiscal quarters. Generated on 2026-09-24 17:33
Google Nvidia A100 cumulative Q1 2022 through Q1 2026,Nvidia,Google,A100,2022-01-01,2026-03-31,56222,86456,133584,17727,27260,42120,22.489,34.582,53.434,674663998,1037467189,1603007456,True,,Based on Nvidia fiscal quarters. Generated on 2026-09-24 17:33
Google Nvidia H100/H200 cumulative Q1 2022 through Q1 2026,Nvidia,Google,H100/H200,2022-01-01,2026-03-31,322332,423373,555799,322332,423373,555799,225.632,296.361,389.059,8058290017,10584320340,13894971667,True,,Based on Nvidia fiscal quarters. Generated on 2026-09-24 17:33
Google Nvidia B200 cumulative Q1 2022 through Q1 2026,Nvidia,Google,B200,2022-01-01,2026-03-31,146484,193779,254967,370097,489589,644182,175.781,232.535,305.961,5419917723,7169839849,9433786490,True,,Based on Nvidia fiscal quarters. Generated on 2026-09-24 17:33
Google Nvidia B300 cumulative Q1 2022 through Q1 2026,Nvidia,Google,B300,2022-01-01,2026-03-31,105210,139652,185803,265817,352835,469438,147.294,195.513,260.125,4524043769,6005047115,7989547529,True,,Based on Nvidia fiscal quarters. Generated on 2026-09-24 17:33
Oracle Nvidia A100 cumulative Q1 2022 through Q1 2022,Nvidia,Oracle,A100,2022-01-01,2022-03-31,2393,5094,10910,755,1606,3440,0.957,2.037,4.364,28717921,61122356,130920221,False,,Based on Nvidia fiscal quarters. Generated on 2026-09-24 17:33
Oracle Nvidia A100 cumulative Q1 2022 through Q2 2022,Nvidia,Oracle,A100,2022-01-01,2022-06-30,5217,10723,22033,1645,3381,6947,2.087,4.289,8.813,62607092,128675677,264398758,False,,Based on Nvidia fiscal quarters. Generated on 2026-09-24 17:33
Oracle Nvidia A100 cumulative Q1 2022 through Q3 2022,Nvidia,Oracle,A100,2022-01-01,2022-09-30,7936,16098,32144,2502,5076,10135,3.175,6.439,12.858,95236121,193176921,385728771,False,,Based on Nvidia fiscal quarters. Generated on 2026-09-24 17:33
Oracle Nvidia H100/H200 cumulative Q1 2022 through Q3 2022,Nvidia,Oracle,H100/H200,2022-01-01,2022-09-30,62,143,319,62,143,319,0.043,0.1,0.223,1552154,3566876,7978545,False,,Based on Nvidia fiscal quarters. Generated on 2026-09-24 17:33
Oracle Nvidia A100 cumulative Q1 2022 through Q4 2022,Nvidia,Oracle,A100,2022-01-01,2022-12-31,10056,19947,38484,3171,6289,12134,4.022,7.979,15.394,120672429,239362551,461805096,False,,Based on Nvidia fiscal quarters. Generated on 2026-09-24 17:33
Oracle Nvidia H100/H200 cumulative Q1 2022 through Q4 2022,Nvidia,Oracle,H100/H200,2022-01-01,2022-12-31,874,1548,2705,874,1548,2705,0.612,1.083,1.893,21845536,38689352,67620924,False,,Based on Nvidia fiscal quarters. Generated on 2026-09-24 17:33
Oracle Nvidia A100 cumulative Q1 2022 through Q1 2023,Nvidia,Oracle,A100,2022-01-01,2023-03-31,11798,22710,42666,3720,7161,13453,4.719,9.084,17.066,141580472,272523998,511988822,False,,Based on Nvidia fiscal quarters. Generated on 2026-09-24 17:33
Oracle Nvidia H100/H200 cumulative Q1 2022 through Q1 2023,Nvidia,Oracle,H100/H200,2022-01-01,2023-03-31,2494,4101,6772,2494,4101,6772,1.746,2.871,4.74,62341859,102521814,169287602,False,,Based on Nvidia fiscal quarters. Generated on 2026-09-24 17:33
Oracle Nvidia A100 cumulative Q1 2022 through Q2 2023,Nvidia,Oracle,A100,2022-01-01,2023-06-30,13732,25704,47560,4330,8105,14996,5.493,10.281,19.024,164787302,308442060,570723830,False,,Based on Nvidia fiscal quarters. Generated on 2026-09-24 17:33
Oracle Nvidia H100/H200 cumulative Q1 2022 through Q2 2023,Nvidia,Oracle,H100/H200,2022-01-01,2023-06-30,6777,10972,17834,6777,10972,17834,4.744,7.681,12.484,169433954,274303775,445857834,False,,Based on Nvidia fiscal quarters. Generated on 2026-09-24 17:33
Oracle Nvidia A100 cumulative Q1 2022 through Q3 2023,Nvidia,Oracle,A100,2022-01-01,2023-09-30,15330,28188,51664,4834,8888,16290,6.132,11.275,20.666,183958014,338254498,619971384,False,,Based on Nvidia fiscal quarters. Generated on 2026-09-24 17:33
Oracle Nvidia H100/H200 cumulative Q1 2022 through Q3 2023,Nvidia,Oracle,H100/H200,2022-01-01,2023-09-30,14256,22760,36630,14256,22760,36630,9.979,15.932,25.641,356392510,569007965,915753123,False,,Based on Nvidia fiscal quarters. Generated on 2026-09-24 17:33
Oracle Nvidia A100 cumulative Q1 2022 through Q4 2023,Nvidia,Oracle,A100,2022-01-01,2023-12-31,15789,28904,52829,4978,9114,16658,6.316,11.562,21.132,189468987,346849178,633948006,False,,Based on Nvidia fiscal quarters. Generated on 2026-09-24 17:33
Oracle Nvidia H100/H200 cumulative Q1 2022 through Q4 2023,Nvidia,Oracle,H100/H200,2022-01-01,2023-12-31,29541,45413,69858,29541,45413,69858,20.679,31.789,48.901,738533278,1135321847,1746454334,False,,Based on Nvidia fiscal quarters. Generated on 2026-09-24 17:33
Oracle Nvidia A100 cumulative Q1 2022 through Q1 2024,Nvidia,Oracle,A100,2022-01-01,2024-03-31,15789,28904,52829,4978,9114,16658,6.316,11.562,21.132,189468987,346849178,633948006,False,,Based on Nvidia fiscal quarters. Generated on 2026-09-24 17:33
Oracle Nvidia H100/H200 cumulative Q1 2022 through Q1 2024,Nvidia,Oracle,H100/H200,2022-01-01,2024-03-31,53201,79269,118882,53201,79269,118882,37.241,55.488,83.218,1330029304,1981724564,2972055499,False,,Based on Nvidia fiscal quarters. Generated on 2026-09-24 17:33
Oracle Nvidia A100 cumulative Q1 2022 through Q2 2024,Nvidia,Oracle,A100,2022-01-01,2024-06-30,15789,28904,52829,4978,9114,16658,6.316,11.562,21.132,189468987,346849178,633948006,False,,Based on Nvidia fiscal quarters. Generated on 2026-09-24 17:33
Oracle Nvidia H100/H200 cumulative Q1 2022 through Q2 2024,Nvidia,Oracle,H100/H200,2022-01-01,2024-06-30,82503,121095,178971,82503,121095,178971,57.752,84.766,125.279,2062566863,3027373390,4474267771,False,,Based on Nvidia fiscal quarters. Generated on 2026-09-24 17:33
Oracle Nvidia A100 cumulative Q1 2022 through Q3 2024,Nvidia,Oracle,A100,2022-01-01,2024-09-30,15789,28904,52829,4978,9114,16658,6.316,11.562,21.132,189468987,346849178,633948006,False,,Based on Nvidia fiscal quarters. Generated on 2026-09-24 17:33
Oracle Nvidia H100/H200 cumulative Q1 2022 through Q3 2024,Nvidia,Oracle,H100/H200,2022-01-01,2024-09-30,118171,172549,251481,118171,172549,251481,82.72,120.784,176.037,2954275430,4313722661,6287023380,False,,Based on Nvidia fiscal quarters. Generated on 2026-09-24 17:33
Oracle Nvidia A100 cumulative Q1 2022 through Q4 2024,Nvidia,Oracle,A100,2022-01-01,2024-12-31,15789,28904,52829,4978,9114,16658,6.316,11.562,21.132,189468987,346849178,633948006,False,,Based on Nvidia fiscal quarters. Generated on 2026-09-24 17:33
Oracle Nvidia H100/H200 cumulative Q1 2022 through Q4 2024,Nvidia,Oracle,H100/H200,2022-01-01,2024-12-31,153552,221174,315800,153552,221174,315800,107.486,154.822,221.06,3838789658,5529341066,7894987934,False,,Based on Nvidia fiscal quarters. Generated on 2026-09-24 17:33
Oracle Nvidia B200 cumulative Q1 2022 through Q4 2024,Nvidia,Oracle,B200,2022-01-01,2024-12-31,10399,14938,21141,26273,37740,53413,12.479,17.925,25.369,384759207,552691568,782217051,False,,Based on Nvidia fiscal quarters. Generated on 2026-09-24 17:33
Oracle Nvidia A100 cumulative Q1 2022 through Q1 2025,Nvidia,Oracle,A100,2022-01-01,2025-03-31,15789,28904,52829,4978,9114,16658,6.316,11.562,21.132,189468987,346849178,633948006,False,,Based on Nvidia fiscal quarters. Generated on 2026-09-24 17:33
Oracle Nvidia H100/H200 cumulative Q1 2022 through Q1 2025,Nvidia,Oracle,H100/H200,2022-01-01,2025-03-31,175152,249449,352837,175152,249449,352837,122.607,174.615,246.986,4378806794,6236235995,8820925251,False,,Based on Nvidia fiscal quarters. Generated on 2026-09-24 17:33
Oracle Nvidia B200 cumulative Q1 2022 through Q1 2025,Nvidia,Oracle,B200,2022-01-01,2025-03-31,46754,64311,88320,118126,162484,223142,56.105,77.173,105.983,1729901638,2379510168,3267823045,False,,Based on Nvidia fiscal quarters. Generated on 2026-09-24 17:33
Oracle Nvidia A100 cumulative Q1 2022 through Q2 2025,Nvidia,Oracle,A100,2022-01-01,2025-06-30,15789,28904,52829,4978,9114,16658,6.316,11.562,21.132,189468987,346849178,633948006,False,,Based on Nvidia fiscal quarters. Generated on 2026-09-24 17:33
Oracle Nvidia H100/H200 cumulative Q1 2022 through Q2 2025,Nvidia,Oracle,H100/H200,2022-01-01,2025-06-30,191207,271240,380939,191207,271240,380939,133.845,189.868,266.658,4780166610,6781002913,9523484607,False,,Based on Nvidia fiscal quarters. Generated on 2026-09-24 17:33
Oracle Nvidia B200 cumulative Q1 2022 through Q2 2025,Nvidia,Oracle,B200,2022-01-01,2025-06-30,77014,105417,144250,194579,266338,364451,92.417,126.5,173.1,2849527741,3900416863,5337236148,False,,Based on Nvidia fiscal quarters. Generated on 2026-09-24 17:33
Oracle Nvidia B300 cumulative Q1 2022 through Q2 2025,Nvidia,Oracle,B300,2022-01-01,2025-06-30,13394,19510,28668,33841,49291,72431,18.752,27.313,40.135,575950856,838909736,1232732406,False,,Based on Nvidia fiscal quarters. Generated on 2026-09-24 17:33
Oracle Nvidia A100 cumulative Q1 2022 through Q3 2025,Nvidia,Oracle,A100,2022-01-01,2025-09-30,15789,28904,52829,4978,9114,16658,6.316,11.562,21.132,189468987,346849178,633948006,False,,Based on Nvidia fiscal quarters. Generated on 2026-09-24 17:33
Oracle Nvidia H100/H200 cumulative Q1 2022 through Q3 2025,Nvidia,Oracle,H100/H200,2022-01-01,2025-09-30,200001,282563,395110,200001,282563,395110,140.001,197.794,276.577,5000033091,7064067734,9877756504,False,,Based on Nvidia fiscal quarters. Generated on 2026-09-24 17:33
Oracle Nvidia B200 cumulative Q1 2022 through Q3 2025,Nvidia,Oracle,B200,2022-01-01,2025-09-30,100061,135720,183366,252806,342900,463279,120.073,162.864,220.039,3702250019,5021632756,6784534908,False,,Based on Nvidia fiscal quarters. Generated on 2026-09-24 17:33
Oracle Nvidia B300 cumulative Q1 2022 through Q3 2025,Nvidia,Oracle,B300,2022-01-01,2025-09-30,48163,66300,91976,121686,167508,232381,67.429,92.82,128.767,2071024775,2850893538,3954978125,False,,Based on Nvidia fiscal quarters. Generated on 2026-09-24 17:33
Oracle Nvidia A100 cumulative Q1 2022 through Q4 2025,Nvidia,Oracle,A100,2022-01-01,2025-12-31,15789,28904,52829,4978,9114,16658,6.316,11.562,21.132,189468987,346849178,633948006,False,,Based on Nvidia fiscal quarters. Generated on 2026-09-24 17:33
Oracle Nvidia H100/H200 cumulative Q1 2022 through Q4 2025,Nvidia,Oracle,H100/H200,2022-01-01,2025-12-31,201500,284485,397671,201500,284485,397671,141.05,199.139,278.37,5037500131,7112122958,9941786256,False,,Based on Nvidia fiscal quarters. Generated on 2026-09-24 17:33
Oracle Nvidia B200 cumulative Q1 2022 through Q4 2025,Nvidia,Oracle,B200,2022-01-01,2025-12-31,124194,167998,226531,313779,424452,572336,149.033,201.598,271.837,4595174726,6215934894,8381628660,False,,Based on Nvidia fiscal quarters. Generated on 2026-09-24 17:33
Oracle Nvidia B300 cumulative Q1 2022 through Q4 2025,Nvidia,Oracle,B300,2022-01-01,2025-12-31,90522,123322,170058,228706,311577,429655,126.731,172.651,238.081,3892443299,5302855585,7312476569,False,,Based on Nvidia fiscal quarters. Generated on 2026-09-24 17:33
Oracle Nvidia A100 cumulative Q1 2022 through Q1 2026,Nvidia,Oracle,A100,2022-01-01,2026-03-31,15789,28904,52829,4978,9114,16658,6.316,11.562,21.132,189468987,346849178,633948006,True,,Based on Nvidia fiscal quarters. Generated on 2026-09-24 17:33
Oracle Nvidia H100/H200 cumulative Q1 2022 through Q1 2026,Nvidia,Oracle,H100/H200,2022-01-01,2026-03-31,201500,284485,397671,201500,284485,397671,141.05,199.139,278.37,5037500131,7112122958,9941786256,True,,Based on Nvidia fiscal quarters. Generated on 2026-09-24 17:33
Oracle Nvidia B200 cumulative Q1 2022 through Q1 2026,Nvidia,Oracle,B200,2022-01-01,2026-03-31,130919,176920,238711,330770,446995,603111,157.103,212.305,286.453,4843999586,6546057983,8832313383,True,,Based on Nvidia fiscal quarters. Generated on 2026-09-24 17:33
Oracle Nvidia B300 cumulative Q1 2022 through Q1 2026,Nvidia,Oracle,B300,2022-01-01,2026-03-31,101599,139086,192422,256692,351405,486160,142.238,194.721,269.391,4368738411,5980702215,8274154878,True,,Based on Nvidia fiscal quarters. Generated on 2026-09-24 17:33
China Nvidia A100 cumulative Q1 2022 through Q1 2022,Nvidia,China,A100,2022-01-01,2022-03-31,19345,29857,46305,6100,9414,14600,7.738,11.943,18.522,232136694,358287748,555659334,False,,Based on Nvidia fiscal quarters. Generated on 2026-09-24 17:33
China Nvidia A100 cumulative Q1 2022 through Q2 2022,Nvidia,China,A100,2022-01-01,2022-06-30,40017,61763,95787,12618,19475,30203,16.007,24.705,38.315,480199825,741156906,1149441351,False,,Based on Nvidia fiscal quarters. Generated on 2026-09-24 17:33
China Nvidia A100 cumulative Q1 2022 through Q3 2022,Nvidia,China,A100,2022-01-01,2022-09-30,47101,72697,112744,14851,22922,35549,18.84,29.079,45.098,565211140,872366290,1352930638,False,,Based on Nvidia fiscal quarters. Generated on 2026-09-24 17:33
China Nvidia A100 cumulative Q1 2022 through Q4 2022,Nvidia,China,A100,2022-01-01,2022-12-31,47101,72697,112744,14851,22922,35549,18.84,29.079,45.098,565211140,872366290,1352930638,False,,Based on Nvidia fiscal quarters. Generated on 2026-09-24 17:33
China Nvidia A800 cumulative Q1 2022 through Q4 2022,Nvidia,China,A800,2022-01-01,2022-12-31,21518,28133,36493,6785,8870,11507,8.607,11.253,14.597,258214105,337590659,437913225,False,,Based on Nvidia fiscal quarters. Generated on 2026-09-24 17:33
China Nvidia A100 cumulative Q1 2022 through Q1 2023,Nvidia,China,A100,2022-01-01,2023-03-31,47101,72697,112744,14851,22922,35549,18.84,29.079,45.098,565211140,872366290,1352930638,False,,Based on Nvidia fiscal quarters. Generated on 2026-09-24 17:33
China Nvidia A800 cumulative Q1 2022 through Q1 2023,Nvidia,China,A800,2022-01-01,2023-03-31,43934,57439,74508,13853,18111,23493,17.573,22.976,29.803,527203518,689269018,894100625,False,,Based on Nvidia fiscal quarters. Generated on 2026-09-24 17:33
China Nvidia H800 cumulative Q1 2022 through Q1 2023,Nvidia,China,H800,2022-01-01,2023-03-31,5923,7342,9137,5923,7342,9137,4.146,5.139,6.396,177691700,220261749,274107248,False,,Based on Nvidia fiscal quarters. Generated on 2026-09-24 17:33
China Nvidia A100 cumulative Q1 2022 through Q2 2023,Nvidia,China,A100,2022-01-01,2023-06-30,47101,72697,112744,14851,22922,35549,18.84,29.079,45.098,565211140,872366290,1352930638,False,,Based on Nvidia fiscal quarters. Generated on 2026-09-24 17:33
China Nvidia A800 cumulative Q1 2022 through Q2 2023,Nvidia,China,A800,2022-01-01,2023-06-30,64116,83826,108737,20217,26431,34286,25.647,33.53,43.495,769395287,1005911980,1304841079,False,,Based on Nvidia fiscal quarters. Generated on 2026-09-24 17:33
China Nvidia H800 cumulative Q1 2022 through Q2 2023,Nvidia,China,H800,2022-01-01,2023-06-30,31671,39258,48855,31671,39258,48855,22.17,27.481,34.199,950122346,1177745552,1465658902,False,,Based on Nvidia fiscal quarters. Generated on 2026-09-24 17:33
China Nvidia A100 cumulative Q1 2022 through Q3 2023,Nvidia,China,A100,2022-01-01,2023-09-30,47101,72697,112744,14851,22922,35549,18.84,29.079,45.098,565211140,872366290,1352930638,False,,Based on Nvidia fiscal quarters. Generated on 2026-09-24 17:33
China Nvidia A800 cumulative Q1 2022 through Q3 2023,Nvidia,China,A800,2022-01-01,2023-09-30,85919,112331,145713,27091,35419,45945,34.368,44.932,58.285,1031029510,1347974122,1748554588,False,,Based on Nvidia fiscal quarters. Generated on 2026-09-24 17:33
China Nvidia H800 cumulative Q1 2022 through Q3 2023,Nvidia,China,H800,2022-01-01,2023-09-30,77117,95592,118961,77117,95592,118961,53.982,66.914,83.272,2313509414,2867762696,3568820038,False,,Based on Nvidia fiscal quarters. Generated on 2026-09-24 17:33
China Nvidia A100 cumulative Q1 2022 through Q4 2023,Nvidia,China,A100,2022-01-01,2023-12-31,47101,72697,112744,14851,22922,35549,18.84,29.079,45.098,565211140,872366290,1352930638,False,,Based on Nvidia fiscal quarters. Generated on 2026-09-24 17:33
China Nvidia A800 cumulative Q1 2022 through Q4 2023,Nvidia,China,A800,2022-01-01,2023-12-31,92872,121421,157504,29283,38285,49663,37.149,48.568,63.002,1114461381,1457053446,1890049258,False,,Based on Nvidia fiscal quarters. Generated on 2026-09-24 17:33
China Nvidia H800 cumulative Q1 2022 through Q4 2023,Nvidia,China,H800,2022-01-01,2023-12-31,93121,115431,143649,93121,115431,143649,65.185,80.801,100.554,2793637866,3462916731,4309466274,False,,Based on Nvidia fiscal quarters. Generated on 2026-09-24 17:33
China Nvidia A100 cumulative Q1 2022 through Q1 2024,Nvidia,China,A100,2022-01-01,2024-03-31,47101,72697,112744,14851,22922,35549,18.84,29.079,45.098,565211140,872366290,1352930638,False,,Based on Nvidia fiscal quarters. Generated on 2026-09-24 17:33
China Nvidia A800 cumulative Q1 2022 through Q1 2024,Nvidia,China,A800,2022-01-01,2024-03-31,92872,121421,157504,29283,38285,49663,37.149,48.568,63.002,1114461381,1457053446,1890049258,False,,Based on Nvidia fiscal quarters. Generated on 2026-09-24 17:33
China Nvidia H800 cumulative Q1 2022 through Q1 2024,Nvidia,China,H800,2022-01-01,2024-03-31,93121,115431,143649,93121,115431,143649,65.185,80.801,100.554,2793637866,3462916731,4309466274,False,,Based on Nvidia fiscal quarters. Generated on 2026-09-24 17:33
China Nvidia H20 cumulative Q1 2022 through Q1 2024,Nvidia,China,H20,2022-01-01,2024-03-31,106730,138720,180461,15964,20748,26992,42.692,55.488,72.184,1280760482,1664635459,2165534032,False,,Based on Nvidia fiscal quarters. Generated on 2026-09-24 17:33
China Nvidia A100 cumulative Q1 2022 through Q2 2024,Nvidia,China,A100,2022-01-01,2024-06-30,47101,72697,112744,14851,22922,35549,18.84,29.079,45.098,565211140,872366290,1352930638,False,,Based on Nvidia fiscal quarters. Generated on 2026-09-24 17:33
China Nvidia A800 cumulative Q1 2022 through Q2 2024,Nvidia,China,A800,2022-01-01,2024-06-30,92872,121421,157504,29283,38285,49663,37.149,48.568,63.002,1114461381,1457053446,1890049258,False,,Based on Nvidia fiscal quarters. Generated on 2026-09-24 17:33
China Nvidia H800 cumulative Q1 2022 through Q2 2024,Nvidia,China,H800,2022-01-01,2024-06-30,93121,115431,143649,93121,115431,143649,65.185,80.801,100.554,2793637866,3462916731,4309466274,False,,Based on Nvidia fiscal quarters. Generated on 2026-09-24 17:33
China Nvidia H20 cumulative Q1 2022 through Q2 2024,Nvidia,China,H20,2022-01-01,2024-06-30,278355,361784,470647,41634,54112,70395,111.342,144.714,188.259,3340254962,4341410379,5647766226,False,,Based on Nvidia fiscal quarters. Generated on 2026-09-24 17:33
China Nvidia A100 cumulative Q1 2022 through Q3 2024,Nvidia,China,A100,2022-01-01,2024-09-30,47101,72697,112744,14851,22922,35549,18.84,29.079,45.098,565211140,872366290,1352930638,False,,Based on Nvidia fiscal quarters. Generated on 2026-09-24 17:33
China Nvidia A800 cumulative Q1 2022 through Q3 2024,Nvidia,China,A800,2022-01-01,2024-09-30,92872,121421,157504,29283,38285,49663,37.149,48.568,63.002,1114461381,1457053446,1890049258,False,,Based on Nvidia fiscal quarters. Generated on 2026-09-24 17:33
China Nvidia H800 cumulative Q1 2022 through Q3 2024,Nvidia,China,H800,2022-01-01,2024-09-30,93121,115431,143649,93121,115431,143649,65.185,80.801,100.554,2793637866,3462916731,4309466274,False,,Based on Nvidia fiscal quarters. Generated on 2026-09-24 17:33
China Nvidia H20 cumulative Q1 2022 through Q3 2024,Nvidia,China,H20,2022-01-01,2024-09-30,487820,634031,824815,72963,94832,123368,195.128,253.613,329.926,5853838389,7608375716,9897780596,False,,Based on Nvidia fiscal quarters. Generated on 2026-09-24 17:33
China Nvidia A100 cumulative Q1 2022 through Q4 2024,Nvidia,China,A100,2022-01-01,2024-12-31,47101,72697,112744,14851,22922,35549,18.84,29.079,45.098,565211140,872366290,1352930638,False,,Based on Nvidia fiscal quarters. Generated on 2026-09-24 17:33
China Nvidia A800 cumulative Q1 2022 through Q4 2024,Nvidia,China,A800,2022-01-01,2024-12-31,92872,121421,157504,29283,38285,49663,37.149,48.568,63.002,1114461381,1457053446,1890049258,False,,Based on Nvidia fiscal quarters. Generated on 2026-09-24 17:33
China Nvidia H800 cumulative Q1 2022 through Q4 2024,Nvidia,China,H800,2022-01-01,2024-12-31,93121,115431,143649,93121,115431,143649,65.185,80.801,100.554,2793637866,3462916731,4309466274,False,,Based on Nvidia fiscal quarters. Generated on 2026-09-24 17:33
China Nvidia H20 cumulative Q1 2022 through Q4 2024,Nvidia,China,H20,2022-01-01,2024-12-31,737396,958412,1246803,110293,143350,186485,294.958,383.365,498.721,8848752756,11500938548,14961638415,False,,Based on Nvidia fiscal quarters. Generated on 2026-09-24 17:33
China Nvidia A100 cumulative Q1 2022 through Q1 2025,Nvidia,China,A100,2022-01-01,2025-03-31,47101,72697,112744,14851,22922,35549,18.84,29.079,45.098,565211140,872366290,1352930638,False,,Based on Nvidia fiscal quarters. Generated on 2026-09-24 17:33
China Nvidia A800 cumulative Q1 2022 through Q1 2025,Nvidia,China,A800,2022-01-01,2025-03-31,92872,121421,157504,29283,38285,49663,37.149,48.568,63.002,1114461381,1457053446,1890049258,False,,Based on Nvidia fiscal quarters. Generated on 2026-09-24 17:33
China Nvidia H800 cumulative Q1 2022 through Q1 2025,Nvidia,China,H800,2022-01-01,2025-03-31,93121,115431,143649,93121,115431,143649,65.185,80.801,100.554,2793637866,3462916731,4309466274,False,,Based on Nvidia fiscal quarters. Generated on 2026-09-24 17:33
China Nvidia H20 cumulative Q1 2022 through Q1 2025,Nvidia,China,H20,2022-01-01,2025-03-31,1015668,1320089,1717311,151914,197446,256859,406.267,528.036,686.925,12188020587,15841065930,20607735583,False,,Based on Nvidia fiscal quarters. Generated on 2026-09-24 17:33
China Nvidia A100 cumulative Q1 2022 through Q2 2025,Nvidia,China,A100,2022-01-01,2025-06-30,47101,72697,112744,14851,22922,35549,18.84,29.079,45.098,565211140,872366290,1352930638,False,,Based on Nvidia fiscal quarters. Generated on 2026-09-24 17:33
China Nvidia A800 cumulative Q1 2022 through Q2 2025,Nvidia,China,A800,2022-01-01,2025-06-30,92872,121421,157504,29283,38285,49663,37.149,48.568,63.002,1114461381,1457053446,1890049258,False,,Based on Nvidia fiscal quarters. Generated on 2026-09-24 17:33
China Nvidia H800 cumulative Q1 2022 through Q2 2025,Nvidia,China,H800,2022-01-01,2025-06-30,93121,115431,143649,93121,115431,143649,65.185,80.801,100.554,2793637866,3462916731,4309466274,False,,Based on Nvidia fiscal quarters. Generated on 2026-09-24 17:33
China Nvidia H20 cumulative Q1 2022 through Q2 2025,Nvidia,China,H20,2022-01-01,2025-06-30,1133149,1472782,1915950,169486,220285,286570,453.26,589.113,766.38,13597791423,17673379274,22991402759,False,,Based on Nvidia fiscal quarters. Generated on 2026-09-24 17:33
China Nvidia A100 cumulative Q1 2022 through Q3 2025,Nvidia,China,A100,2022-01-01,2025-09-30,47101,72697,112744,14851,22922,35549,18.84,29.079,45.098,565211140,872366290,1352930638,False,,Based on Nvidia fiscal quarters. Generated on 2026-09-24 17:33
China Nvidia A800 cumulative Q1 2022 through Q3 2025,Nvidia,China,A800,2022-01-01,2025-09-30,92872,121421,157504,29283,38285,49663,37.149,48.568,63.002,1114461381,1457053446,1890049258,False,,Based on Nvidia fiscal quarters. Generated on 2026-09-24 17:33
China Nvidia H800 cumulative Q1 2022 through Q3 2025,Nvidia,China,H800,2022-01-01,2025-09-30,93121,115431,143649,93121,115431,143649,65.185,80.801,100.554,2793637866,3462916731,4309466274,False,,Based on Nvidia fiscal quarters. Generated on 2026-09-24 17:33
China Nvidia H20 cumulative Q1 2022 through Q3 2025,Nvidia,China,H20,2022-01-01,2025-09-30,1146319,1489899,1938219,171456,222845,289900,458.528,595.96,775.287,13755832750,17878789418,23258622021,False,,Based on Nvidia fiscal quarters. Generated on 2026-09-24 17:33
China Nvidia A100 cumulative Q1 2022 through Q4 2025,Nvidia,China,A100,2022-01-01,2025-12-31,47101,72697,112744,14851,22922,35549,18.84,29.079,45.098,565211140,872366290,1352930638,False,,Based on Nvidia fiscal quarters. Generated on 2026-09-24 17:33
China Nvidia A800 cumulative Q1 2022 through Q4 2025,Nvidia,China,A800,2022-01-01,2025-12-31,92872,121421,157504,29283,38285,49663,37.149,48.568,63.002,1114461381,1457053446,1890049258,False,,Based on Nvidia fiscal quarters. Generated on 2026-09-24 17:33
China Nvidia H800 cumulative Q1 2022 through Q4 2025,Nvidia,China,H800,2022-01-01,2025-12-31,93121,115431,143649,93121,115431,143649,65.185,80.801,100.554,2793637866,3462916731,4309466274,False,,Based on Nvidia fiscal quarters. Generated on 2026-09-24 17:33
China Nvidia H20 cumulative Q1 2022 through Q4 2025,Nvidia,China,H20,2022-01-01,2025-12-31,1146319,1489899,1938219,171456,222845,289900,458.528,595.96,775.287,13755832750,17878789418,23258622021,False,,Based on Nvidia fiscal quarters. Generated on 2026-09-24 17:33
China Nvidia A100 cumulative Q1 2022 through Q1 2026,Nvidia,China,A100,2022-01-01,2026-03-31,47101,72697,112744,14851,22922,35549,18.84,29.079,45.098,565211140,872366290,1352930638,True,,Based on Nvidia fiscal quarters. Generated on 2026-09-24 17:33
China Nvidia A800 cumulative Q1 2022 through Q1 2026,Nvidia,China,A800,2022-01-01,2026-03-31,92872,121421,157504,29283,38285,49663,37.149,48.568,63.002,1114461381,1457053446,1890049258,True,,Based on Nvidia fiscal quarters. Generated on 2026-09-24 17:33
China Nvidia H800 cumulative Q1 2022 through Q1 2026,Nvidia,China,H800,2022-01-01,2026-03-31,93121,115431,143649,93121,115431,143649,65.185,80.801,100.554,2793637866,3462916731,4309466274,True,,Based on Nvidia fiscal quarters. Generated on 2026-09-24 17:33
China Nvidia H20 cumulative Q1 2022 through Q1 2026,Nvidia,China,H20,2022-01-01,2026-03-31,1146319,1489899,1938219,171456,222845,289900,458.528,595.96,775.287,13755832750,17878789418,23258622021,True,,Based on Nvidia fiscal quarters. Generated on 2026-09-24 17:33
